round_shots,842,117,98,48
round_queries,842,1053,3038,13680
round_k,4,15,47,142
round_shots,825,94,168,54
round_queries,825,658,3864,14418
round_k,3,11,37,133
round_shots,88,100,179,98,35
round_queries,88,300,1611,3038,10325
round_k,1,4,15,48,147
round_shots,622,114,108,79,5
round_queries,622,798,2484,5767,3405
round_k,3,11,36,111,340
round_shots,540,138,76,54
round_queries,540,966,1900,13878
round_k,3,12,37,128
round_shots,776,209,130,39
round_queries,776,1463,3510,10881
round_k,3,13,46,139
round_shots,994,128,62,85,3
round_queries,994,896,1550,6375,2067
round_k,3,12,37,114,344
round_shots,988,137,91,24
round_queries,988,1233,3003,7848
round_k,4,16,52,163
round_shots,378,134,139,138,32
round_queries,378,402,1251,4278,9696
round_k,1,4,15,49,151
round_shots,734,100,72,105,64
round_queries,734,300,648,2835,18368
round_k,1,4,13,42,143
round_shots,600,149,62,73,6
round_queries,600,1043,1550,5475,4170
round_k,3,12,37,115,347
round_shots,447,107,152,69,30
round_queries,447,321,1368,2277,9450
round_k,1,4,16,50,157
round_shots,564,198,89,50
round_queries,564,1386,2403,12150
round_k,3,13,40,121
round_shots,768,136,121,54
round_queries,768,952,3025,13878
round_k,3,12,40,128
round_shots,611,153,70,56,3
round_queries,611,1071,1750,4200,2145
round_k,3,12,37,116,357
round_shots,822,166,92,94
round_queries,822,1162,2300,24534
round_k,3,12,39,130
round_shots,617,138,151,73,3
round_queries,617,966,3473,5329,2043
round_k,3,11,36,109,340
round_shots,698,125,87,70,7
round_queries,698,875,2001,4830,4557
round_k,3,11,34,108,325
round_shots,1002,168,137,80,3
round_queries,1002,1176,3151,6000,2259
round_k,3,11,37,114,376
round_shots,620,144,62,54
round_queries,620,1008,1550,13554
round_k,3,12,37,125
round_shots,1016,157,114,73
round_queries,1016,1099,2850,17593
round_k,3,12,39,120
round_shots,822,144,96,58
round_queries,822,1008,2400,13978
round_k,3,12,39,120
round_shots,673,219,83,46
round_queries,673,1533,2075,11730
round_k,3,12,41,127
round_shots,932,130,145,26
round_queries,932,1170,4495,8918
round_k,4,15,49,171
round_shots,424,93,153,187,34
round_queries,424,279,1377,5797,10098
round_k,1,4,15,49,148
round_shots,784,121,84,115,64
round_queries,784,363,756,3105,16704
round_k,1,4,13,40,130
round_shots,613,154,96,76
round_queries,613,1078,2400,18468
round_k,3,12,40,121
round_shots,681,144,76,52
round_queries,681,1008,1900,12844
round_k,3,12,40,123
round_shots,805,139,103,59,6
round_queries,805,973,2369,4189,3942
round_k,3,11,35,107,328
round_shots,647,147,94,95,45
round_queries,647,441,846,2565,11655
round_k,1,4,13,42,129
round_shots,695,152,98,57,3
round_queries,695,1064,2450,4503,2151
round_k,3,12,39,119,358
round_shots,644,134,156,102,74
round_queries,644,402,1404,3162,21830
round_k,1,4,15,48,147
round_shots,988,159,110,81,3
round_queries,988,1113,2750,6561,2235
round_k,3,12,40,123,372
round_shots,690,188,78,43
round_queries,690,1316,1950,11481
round_k,3,12,40,133
round_shots,817,199,78,46
round_queries,817,1393,1950,12282
round_k,3,12,40,133
round_shots,1044,149,82,29
round_queries,1044,1341,2706,9889
round_k,4,16,49,170
round_shots,891,168,93,55
round_queries,891,1512,3069,17655
round_k,4,16,52,160
round_shots,849,148,66,31
round_queries,849,1332,2178,9641
round_k,4,16,50,155
round_shots,805,92,115,58
round_queries,805,644,2645,13050
round_k,3,11,36,112
round_shots,634,128,65,52,3
round_queries,634,896,1625,3900,2043
round_k,3,12,37,112,340
round_shots,546,146,78,67
round_queries,546,1022,1950,18291
round_k,3,12,40,136
round_shots,727,152,114,78
round_queries,727,1064,2850,19110
round_k,3,12,40,122
round_shots,1005,179,64,65,4
round_queries,1005,1253,1600,4875,2828
round_k,3,12,37,115,353
round_shots,667,100,113,82,42
round_queries,667,300,1017,2706,13146
round_k,1,4,16,49,156
round_shots,707,155,105,77,3
round_queries,707,1085,2415,5467,1953
round_k,3,11,35,108,325
round_shots,585,136,100,46
round_queries,585,952,2500,12006
round_k,3,12,40,130
round_shots,562,93,174,164,34
round_queries,562,279,1566,5084,10302
round_k,1,4,15,49,151
round_shots,1014,117,197,30
round_queries,1014,1053,6107,9630
round_k,4,15,49,160
round_shots,742,142,93,75,3
round_queries,742,994,2325,5625,2271
round_k,3,12,37,123,378
round_shots,1012,70,128,49
round_queries,1012,630,3456,13965
round_k,4,13,46,142
round_shots,1043,141,85,34
round_queries,1043,1269,2805,10166
round_k,4,16,49,149
round_shots,537,193,76,63,5
round_queries,537,1351,1900,4725,3485
round_k,3,12,37,113,348
round_shots,796,93,135,77,33
round_queries,796,279,1215,2541,9801
round_k,1,4,16,49,148
round_shots,565,136,104,109,7
round_queries,565,952,2600,8175,5243
round_k,3,12,37,113,374
round_shots,785,165,106,59,3
round_queries,785,1155,2650,4779,2241
round_k,3,12,40,122,373
round_shots,503,100,124,94,26
round_queries,503,300,1116,3102,8918
round_k,1,4,16,49,171
round_shots,732,128,164,71,65
round_queries,732,384,1476,2343,19695
round_k,1,4,16,49,151
round_shots,693,144,65,56,4
round_queries,693,1008,1625,4200,2844
round_k,3,12,37,113,355
round_shots,951,128,65,73,7
round_queries,951,896,1625,5475,5103
round_k,3,12,37,115,364
round_shots,940,213,76,61,4
round_queries,940,1491,1900,4575,2860
round_k,3,12,37,117,357
round_shots,808,162,96,77,3
round_queries,808,1134,2400,6237,2271
round_k,3,12,40,123,378
round_shots,791,154,98,44
round_queries,791,1078,2450,11308
round_k,3,12,37,128
round_shots,948,131,158,60,6
round_queries,948,917,3634,4500,4314
round_k,3,11,37,112,359
round_shots,1059,175,93,90,4
round_queries,1059,1225,2325,6750,2828
round_k,3,12,37,114,353
round_shots,614,182,105,74,4
round_queries,614,1274,2625,5994,2996
round_k,3,12,40,123,374
round_shots,753,131,83,52
round_queries,753,917,2075,14508
round_k,3,12,41,139
round_shots,872,116,68,32
round_queries,872,1044,2244,10784
round_k,4,16,49,168
round_shots,543,157,114,57,4
round_queries,543,1099,2850,4503,2964
round_k,3,12,39,122,370
round_shots,537,189,111,51
round_queries,537,1323,2775,12189
round_k,3,12,39,119
round_shots,571,147,99,91,6
round_queries,571,1029,2277,6643,4122
round_k,3,11,36,111,343
round_shots,398,121,126,140,50
round_queries,398,363,1134,3780,13450
round_k,1,4,13,41,134
round_shots,925,133,78,62,4
round_queries,925,931,1950,4774,2876
round_k,3,12,38,118,359
round_shots,888,128,88,86,3
round_queries,888,896,2200,6966,2265
round_k,3,12,40,123,377
round_shots,1028,233,163,56
round_queries,1028,1631,4401,13832
round_k,3,13,40,123
round_shots,748,131,109,84,6
round_queries,748,917,2725,6636,4374
round_k,3,12,39,119,364
round_shots,576,144,100,75
round_queries,576,1008,2500,21975
round_k,3,12,40,146
round_shots,582,133,92,85,5
round_queries,582,931,2116,6205,3315
round_k,3,11,36,109,331
round_shots,583,121,114,94,30
round_queries,583,363,1026,3102,9630
round_k,1,4,16,52,160
round_shots,624,107,119,73,33
round_queries,624,321,1071,2409,11451
round_k,1,4,16,52,173
round_shots,543,144,93,52,3
round_queries,543,1008,2325,4108,2283
round_k,3,12,39,118,380
round_shots,507,114,112,63,45
round_queries,507,342,1008,2079,14175
round_k,1,4,16,49,157
round_shots,1019,128,103,51
round_queries,1019,896,2575,12291
round_k,3,12,39,120
round_shots,756,114,119,63,30
round_queries,756,342,1071,2079,10050
round_k,1,4,16,49,167
round_shots,719,167,83,40
round_queries,719,1169,2075,10760
round_k,3,12,41,134
round_shots,842,137,80,49
round_queries,842,959,2000,12005
round_k,3,12,40,122
round_shots,574,128,76,59
round_queries,574,896,1900,14691
round_k,3,12,40,124
round_shots,1002,125,145,58
round_queries,1002,1125,4495,18618
round_k,4,15,48,160
round_shots,611,156,144,126,3
round_queries,611,1092,3312,9450,2217
round_k,3,11,37,113,369
round_shots,976,120,88,38
round_queries,976,1080,2904,12502
round_k,4,16,49,164
round_shots,379,107,161,186,49
round_queries,379,321,1449,5766,15827
round_k,1,4,15,49,161
round_shots,627,100,159,96,52
round_queries,627,300,1431,2976,15860
round_k,1,4,15,47,152
round_shots,695,188,115,130,7
round_queries,695,1316,2875,10270,5019
round_k,3,12,39,118,358
round_shots,647,152,80,52
round_queries,647,1064,2000,12844
round_k,3,12,40,123
round_shots,564,119,114,75,10
round_queries,564,833,2622,5325,6410
round_k,3,11,35,106,320
round_shots,593,141,76,69,3
round_queries,593,987,1900,5589,2259
round_k,3,12,40,124,376
round_shots,546,159,80,89
round_queries,546,1113,2000,22695
round_k,3,12,40,127
round_shots,595,107,122,140,37
round_queries,595,321,1098,4340,10767
round_k,1,4,15,48,145
round_shots,808,138,65,62,4
round_queries,808,966,1625,4650,2852
round_k,3,12,37,117,356
round_shots,911,213,185,39
round_queries,911,1491,4995,11583
round_k,3,13,45,148
round_shots,716,92,88,85,8
round_queries,716,644,2024,6035,5416
round_k,3,11,35,108,338
round_shots,750,103,70,93
round_queries,750,721,1610,20181
round_k,3,11,35,108
round_shots,678,147,91,111,4
round_queries,678,1029,2275,8769,2956
round_k,3,12,39,121,369
round_shots,917,121,85,28
round_queries,917,1089,2805,9156
round_k,4,16,51,163
round_shots,759,148,72,62,3
round_queries,759,1036,1800,4650,2205
round_k,3,12,37,117,367
round_shots,576,102,91,56,5
round_queries,576,714,1911,3528,3155
round_k,3,10,31,94,315
round_shots,883,226,96,72,4
round_queries,883,1582,2592,5832,2964
round_k,3,13,40,123,370
round_shots,616,170,104,181,6
round_queries,616,1190,2600,14299,4374
round_k,3,12,39,121,364
round_shots,863,117,157,59,3
round_queries,863,819,3611,4425,2097
round_k,3,11,37,116,349
round_shots,748,162,106,69
round_queries,748,1134,2650,16767
round_k,3,12,39,121
round_shots,646,180,78,36
round_queries,646,1260,1950,10260
round_k,3,12,40,142
round_shots,825,157,104,48
round_queries,825,1099,2600,13200
round_k,3,12,37,137
round_shots,991,133,141,81,6
round_queries,991,931,3525,6237,4422
round_k,3,12,38,121,368
round_shots,977,154,78,36
round_queries,977,1078,1950,10548
round_k,3,12,40,146
round_shots,628,132,114,112,7
round_queries,628,924,2850,8848,5131
round_k,3,12,39,120,366
round_shots,845,128,104,82
round_queries,845,896,2600,19762
round_k,3,12,39,120
round_shots,555,146,94,78
round_queries,555,1022,2350,19266
round_k,3,12,40,123
round_shots,583,131,109,81,3
round_queries,583,917,2507,5913,2169
round_k,3,11,36,112,361
round_shots,894,121,88,39
round_queries,894,1089,2728,11349
round_k,4,15,48,145
round_shots,523,100,112,85,39
round_queries,523,300,1008,2805,12285
round_k,1,4,16,51,157
round_shots,719,217,78,78,4
round_queries,719,1519,1950,5850,2916
round_k,3,12,37,114,364
round_shots,623,144,110,56
round_queries,623,1008,2750,13384
round_k,3,12,39,119
round_shots,649,158,90,54,6
round_queries,649,1106,2250,4050,4230
round_k,3,12,37,112,352
round_shots,173,100,110,79,44
round_queries,173,300,990,2607,13068
round_k,1,4,16,49,148
round_shots,977,126,71,38
round_queries,977,1134,2201,10982
round_k,4,15,47,144
round_shots,655,100,116,63
round_queries,655,700,2668,13671
round_k,3,11,35,108
round_shots,925,130,142,34
round_queries,925,1170,4402,10302
round_k,4,15,49,151
round_shots,652,201,69,63,4
round_queries,652,1407,1725,4851,2996
round_k,3,12,38,118,374
round_shots,640,144,76,59,4
round_queries,640,1008,1900,4779,2980
round_k,3,12,40,122,372
round_shots,633,128,62,61,4
round_queries,633,896,1550,4575,2828
round_k,3,12,37,115,353
round_shots,837,121,96,60,3
round_queries,837,847,2208,4380,2055
round_k,3,11,36,112,342
round_shots,900,194,69,54,7
round_queries,900,1358,1725,4050,5047
round_k,3,12,37,112,360
round_shots,800,93,171,84,29
round_queries,800,279,1539,2772,9135
round_k,1,4,16,52,157
round_shots,628,142,84,39
round_queries,628,994,2100,11427
round_k,3,12,40,146
round_shots,631,172,86,63
round_queries,631,1204,1978,13545
round_k,3,11,35,107
round_shots,739,219,143,48
round_queries,739,1533,3861,12048
round_k,3,13,41,125
round_shots,971,203,131,120
round_queries,971,1421,3537,31560
round_k,3,13,41,131
round_shots,564,131,64,87,6
round_queries,564,917,1600,6525,4266
round_k,3,12,37,118,355
round_shots,724,136,83,54
round_queries,724,952,2075,13230
round_k,3,12,40,122
round_shots,678,136,76,57
round_queries,678,952,1900,14079
round_k,3,12,40,123
round_shots,684,175,76,46
round_queries,684,1225,1900,11638
round_k,3,12,40,126
round_shots,837,137,110,51
round_queries,837,959,2750,12699
round_k,3,12,40,124
round_shots,497,93,119,93,27
round_queries,497,279,1071,3069,9909
round_k,1,4,16,55,183
round_shots,733,179,99,69
round_queries,733,1253,2475,17181
round_k,3,12,40,124
round_shots,897,112,144,60,6
round_queries,897,784,3312,4380,4194
round_k,3,11,36,109,349
round_shots,620,155,78,50
round_queries,620,1085,1950,12650
round_k,3,12,40,126
round_shots,883,110,110,30
round_queries,883,990,3630,9390
round_k,4,16,51,156
round_shots,457,78,137,126,30
round_queries,457,234,1233,4158,9270
round_k,1,4,16,51,154
round_shots,822,198,75,54,4
round_queries,822,1386,2025,4374,2916
round_k,3,13,40,121,364
round_shots,808,121,151,95,70
round_queries,808,363,1359,2945,21630
round_k,1,4,15,48,154
round_shots,722,177,114,91,20
round_queries,722,531,1026,3003,6860
round_k,1,4,16,55,171
round_shots,1016,193,76,61,4
round_queries,1016,1351,1900,4575,2852
round_k,3,12,37,115,356
round_shots,523,114,151,152,32
round_queries,523,342,1359,4712,9696
round_k,1,4,15,49,151
round_shots,647,159,166,71,29
round_queries,647,477,1494,2343,9657
round_k,1,4,16,49,166
round_shots,602,159,119,47
round_queries,602,1113,2975,11703
round_k,3,12,40,124
round_shots,766,128,137,73,48
round_queries,766,384,1233,2409,14832
round_k,1,4,16,49,154
round_shots,768,146,80,54
round_queries,768,1022,2000,13446
round_k,3,12,40,124
round_shots,705,100,133,67,36
round_queries,705,300,1197,2077,11844
round_k,1,4,15,47,164
round_shots,642,138,81,66
round_queries,642,966,2025,18546
round_k,3,12,42,140
round_shots,763,153,109,103,68
round_queries,763,459,981,2781,18292
round_k,1,4,13,40,134
round_shots,571,144,103,55
round_queries,571,1008,2575,13915
round_k,3,12,37,126
round_shots,1068,117,106,36
round_queries,1068,1053,3286,10404
round_k,4,15,47,144
round_shots,418,114,114,66,32
round_queries,418,342,1026,2178,10528
round_k,1,4,16,49,164
round_shots,756,146,79,82
round_queries,756,1022,1975,20746
round_k,3,12,40,126
round_shots,552,128,116,73,24
round_queries,552,384,1044,2409,7800
round_k,1,4,16,52,162
round_shots,1031,136,102,100,6
round_queries,1031,952,2550,7900,4614
round_k,3,12,39,120,384
round_shots,558,160,93,90,3
round_queries,558,1120,2325,6750,2067
round_k,3,12,37,114,344
round_shots,866,92,109,49
round_queries,866,828,2943,12495
round_k,4,13,40,127
round_shots,860,131,86,55,4
round_queries,860,917,2150,4455,2940
round_k,3,12,40,121,367
round_shots,672,165,65,48
round_queries,672,1155,1625,11856
round_k,3,12,37,123
round_shots,1002,133,60,35
round_queries,1002,1197,1980,11025
round_k,4,16,49,157
round_shots,543,108,159,65,6
round_queries,543,756,3657,4745,4086
round_k,3,11,36,109,340
round_shots,704,203,90,60,4
round_queries,704,1421,2250,4500,2828
round_k,3,12,37,113,353
round_shots,607,131,96,99,4
round_queries,607,917,2400,7821,2980
round_k,3,12,39,123,372
round_shots,670,134,153,70,42
round_queries,670,402,1377,2310,13566
round_k,1,4,16,49,161
round_shots,922,116,60,37
round_queries,922,1044,1980,11803
round_k,4,16,49,159
round_shots,750,146,86,66,3
round_queries,750,1022,2150,5346,2265
round_k,3,12,40,122,377
round_shots,748,159,92,66,6
round_queries,748,1113,2116,4818,4314
round_k,3,11,36,116,359
round_shots,820,125,77,36
round_queries,820,1125,2541,13428
round_k,4,16,52,186
round_shots,925,138,94,59
round_queries,925,966,2350,15753
round_k,3,12,40,133
round_shots,537,111,76,69,3
round_queries,537,777,1748,4899,2043
round_k,3,11,35,109,340
round_shots,637,135,103,67,3
round_queries,637,945,2575,5427,2313
round_k,3,12,40,128,385
round_shots,590,107,161,114,106
round_queries,590,321,1449,3534,29786
round_k,1,4,15,46,140
round_shots,690,121,148,110,46
round_queries,690,363,1332,3410,13662
round_k,1,4,15,48,148
round_shots,951,172,264,72
round_queries,951,1204,6072,21384
round_k,3,11,46,148
round_shots,768,154,103,66
round_queries,768,1078,2575,17358
round_k,3,12,40,131
round_shots,540,153,69,127,4
round_queries,540,1071,1725,9779,2892
round_k,3,12,38,120,361
round_shots,960,103,142,132
round_queries,960,927,3834,33924
round_k,4,13,41,128
round_shots,566,93,110,96,53
round_queries,566,279,990,3168,15847
round_k,1,4,16,49,149
round_shots,593,127,99,68,5
round_queries,593,889,2277,4964,3515
round_k,3,11,36,112,351
round_shots,745,177,62,67,6
round_queries,745,1239,1550,5025,4554
round_k,3,12,37,124,379
round_shots,773,146,91,62
round_queries,773,1022,2275,15066
round_k,3,12,39,121
round_shots,638,119,77,102,3
round_queries,638,833,1771,7038,2151
round_k,3,11,34,117,358
round_shots,658,121,143,90,57
round_queries,658,363,1287,2970,18297
round_k,1,4,16,53,160
round_shots,789,86,197,85,32
round_queries,789,258,1773,2635,9760
round_k,1,4,15,48,152
round_shots,580,121,111,80,33
round_queries,580,363,999,2640,10593
round_k,1,4,16,52,160
round_shots,957,112,70,93,5
round_queries,957,784,1610,6603,3255
round_k,3,11,35,108,325
round_shots,925,197,80,72,4
round_queries,925,1379,2000,5832,2972
round_k,3,12,40,123,371
round_shots,590,119,97,83,3
round_queries,590,833,2231,6059,2337
round_k,3,11,36,112,389
round_shots,925,177,113,96,7
round_queries,925,1239,2825,7776,5187
round_k,3,12,40,123,370
round_shots,799,86,156,228,56
round_queries,799,258,1404,7068,15736
round_k,1,4,15,46,140
round_shots,599,131,110,67,3
round_queries,599,917,2750,5025,2199
round_k,3,12,37,119,366
round_shots,776,165,83,55,6
round_queries,776,1155,2075,4455,4458
round_k,3,12,40,121,371
round_shots,727,159,121,91,7
round_queries,727,1113,3025,7371,5313
round_k,3,12,40,123,379
round_shots,917,114,83,32
round_queries,917,1026,2739,10080
round_k,4,16,52,157
round_shots,637,131,86,156,4
round_queries,637,917,2150,12636,3012
round_k,3,12,40,124,376
round_shots,561,147,137,59,4
round_queries,561,1029,3151,4425,2988
round_k,3,11,37,116,373
round_shots,730,144,82,49
round_queries,730,1008,2050,11907
round_k,3,12,40,121
round_shots,811,157,73,88,3
round_queries,811,1099,1825,6600,2139
round_k,3,12,37,118,356
round_shots,632,107,117,101,45
round_queries,632,321,1053,3131,12825
round_k,1,4,15,47,142
round_shots,548,213,84,75,6
round_queries,548,1491,2100,5625,4326
round_k,3,12,37,114,360
round_shots,837,124,139,60,6
round_queries,837,868,3197,4380,4134
round_k,3,11,36,109,344
round_shots,922,122,101,53
round_queries,922,1098,3131,15211
round_k,4,15,47,143
round_shots,808,166,89,56,3
round_queries,808,1162,2225,4200,2241
round_k,3,12,37,116,373
round_shots,945,165,67,43
round_queries,945,1155,1675,11653
round_k,3,12,37,135
round_shots,965,136,134,49
round_queries,965,952,3350,13867
round_k,3,12,40,141
round_shots,753,128,80,52
round_queries,753,896,2000,14196
round_k,3,12,41,136
round_shots,1011,94,70,59,6
round_queries,1011,658,1610,4189,4410
round_k,3,11,35,107,367
round_shots,759,86,146,85,38
round_queries,759,258,1314,2635,11286
round_k,1,4,15,48,148
round_shots,831,125,60,31
round_queries,831,1125,1980,9703
round_k,4,16,49,156
round_shots,592,171,118,132,49
round_queries,592,513,1062,3564,12201
round_k,1,4,13,41,124
round_shots,786,128,117,139,43
round_queries,786,384,1053,4309,12599
round_k,1,4,15,48,146
round_shots,908,148,60,40
round_queries,908,1332,1980,11960
round_k,4,16,49,149
round_shots,768,187,90,78
round_queries,768,1309,2250,19266
round_k,3,12,40,123
round_shots,745,147,73,75,3
round_queries,745,1029,1679,5325,1953
round_k,3,11,35,107,325
round_shots,666,114,92,258,48
round_queries,666,342,828,6966,14640
round_k,1,4,13,45,152
round_shots,549,240,174,80
round_queries,549,1680,4698,19760
round_k,3,13,40,123
round_shots,552,170,104,118,6
round_queries,552,1190,2392,8614,3978
round_k,3,11,36,110,331
round_shots,585,131,138,89
round_queries,585,917,3174,23051
round_k,3,11,37,129
round_shots,675,128,90,189,3
round_queries,675,896,2250,15309,2259
round_k,3,12,40,125,376
round_shots,872,118,68,32
round_queries,872,1062,2244,9888
round_k,4,16,50,154
round_shots,794,114,110,85,28
round_queries,794,342,990,2805,9156
round_k,1,4,16,49,163
round_shots,772,141,125,184,40
round_queries,772,423,1125,5704,11320
round_k,1,4,15,46,141
round_shots,868,159,107,103,6
round_queries,868,1113,2461,7519,4434
round_k,3,11,36,111,369
round_shots,685,210,78,78
round_queries,685,1470,1950,20514
round_k,3,12,40,131
round_shots,776,121,110,67,36
round_queries,776,363,990,2211,11412
round_k,1,4,16,50,158
round_shots,891,133,96,29
round_queries,891,1197,3168,9251
round_k,4,16,52,159
round_shots,897,137,91,39
round_queries,897,1233,3003,12363
round_k,4,16,52,158
round_shots,717,86,211,82,61
round_queries,717,258,1899,2378,16531
round_k,1,4,14,43,135
round_shots,643,143,90,70,3
round_queries,643,1001,2070,4970,2043
round_k,3,11,35,106,340
round_shots,722,114,127,79,37
round_queries,722,342,1143,2607,11729
round_k,1,4,16,49,158
round_shots,675,152,98,54
round_queries,675,1064,2450,13770
round_k,3,12,40,127
round_shots,760,114,120,148,41
round_queries,760,342,1080,4588,12177
round_k,1,4,15,49,148
round_shots,956,113,68,34
round_queries,956,1017,2244,10098
round_k,4,16,49,148
round_shots,736,133,79,124
round_queries,736,931,1975,30876
round_k,3,12,40,124
round_shots,667,107,81,168,41
round_queries,667,321,729,4536,11849
round_k,1,4,13,41,144
round_shots,704,134,183,64,3
round_queries,704,938,4209,4800,2157
round_k,3,11,37,115,359
round_shots,908,151,102,58
round_queries,908,1057,2346,13050
round_k,3,11,36,112
round_shots,871,179,118,60,7
round_queries,871,1253,2950,4860,5299
round_k,3,12,40,124,378
round_shots,901,138,131,66
round_queries,901,1242,3537,17094
round_k,4,13,41,129
round_shots,549,111,98,60,7
round_queries,549,777,2254,4140,4515
round_k,3,11,34,104,322
round_shots,627,153,122,104,86
round_queries,627,459,1098,3224,25370
round_k,1,4,15,48,147
round_shots,818,113,77,42
round_queries,818,1017,2541,12642
round_k,4,16,49,150
round_shots,421,134,149,73,29
round_queries,421,402,1341,2409,9309
round_k,1,4,16,52,160
round_shots,701,114,133,66,54
round_queries,701,342,1197,2178,16578
round_k,1,4,16,49,153
round_shots,537,157,82,48
round_queries,537,1099,2050,12816
round_k,3,12,40,133
round_shots,606,93,110,101,29
round_queries,606,279,990,3333,9309
round_k,1,4,16,53,160
round_shots,543,136,94,49
round_queries,543,952,2350,12103
round_k,3,12,39,123
round_shots,788,172,101,61
round_queries,788,1204,2525,15677
round_k,3,12,40,128
round_shots,620,177,134,48
round_queries,620,1239,3350,11856
round_k,3,12,39,123
round_shots,719,153,83,56
round_queries,719,1071,2075,13832
round_k,3,12,40,123
round_shots,883,166,112,56
round_queries,883,1162,2800,14616
round_k,3,12,37,130
round_shots,805,249,70,53
round_queries,805,1743,1750,13621
round_k,3,12,37,128
round_shots,540,225,62,65,3
round_queries,540,1575,1550,4875,2277
round_k,3,12,37,124,379
round_shots,548,102,97,59
round_queries,548,714,2231,13157
round_k,3,11,35,111
round_shots,1011,197,76,54
round_queries,1011,1379,1900,14094
round_k,3,12,40,130
round_shots,596,78,111,65,40
round_queries,596,234,999,2145,11880
round_k,1,4,16,49,148
round_shots,871,204,96,164,7
round_queries,871,1428,2400,12956,5005
round_k,3,12,39,118,357
round_shots,605,116,160,61,6
round_queries,605,812,3680,4453,3978
round_k,3,11,36,110,331
round_shots,954,210,62,74,7
round_queries,954,1470,1550,5550,5397
round_k,3,12,37,128,385
round_shots,1008,195,75,58,4
round_queries,1008,1365,1875,4466,2940
round_k,3,12,38,119,367
round_shots,218,114,111,208,111,6
round_queries,218,342,999,5616,8991,4566
round_k,1,4,13,40,124,380
round_shots,549,133,98,59,3
round_queries,549,931,2450,4779,2211
round_k,3,12,40,122,368
round_shots,666,175,93,41
round_queries,666,1225,2325,10947
round_k,3,12,42,133
round_shots,899,126,95,31
round_queries,899,1134,3135,11811
round_k,4,16,59,190
round_shots,540,149,99,104,4
round_queries,540,1043,2475,8216,2940
round_k,3,12,39,120,367
round_shots,573,107,139,127,39
round_queries,573,321,1251,3937,11349
round_k,1,4,15,48,145
round_shots,636,107,122,70,31
round_queries,636,321,1098,2310,9517
round_k,1,4,16,50,153
round_shots,576,147,117,66,44
round_queries,576,441,1053,2178,14652
round_k,1,4,16,49,166
round_shots,929,144,131,43
round_queries,929,1296,4061,13889
round_k,4,15,49,161
round_shots,540,206,69,56,3
round_queries,540,1442,1725,4200,2163
round_k,3,12,37,116,360
round_shots,617,133,121,52,7
round_queries,617,931,3025,4108,5243
round_k,3,12,39,118,374
round_shots,588,128,98,46
round_queries,588,896,2450,11638
round_k,3,12,40,126
round_shots,748,128,65,118,3
round_queries,748,896,1625,8850,2223
round_k,3,12,37,117,370
round_shots,736,111,245,164,3
round_queries,736,777,5635,12628,2079
round_k,3,11,38,115,346
round_shots,753,201,104,84,3
round_queries,753,1407,2600,6300,2283
round_k,3,12,37,118,380
round_shots,540,133,124,52,3
round_queries,540,931,3100,4108,2271
round_k,3,12,39,118,378
round_shots,784,100,115,103,59
round_queries,784,300,1035,2781,14337
round_k,1,4,13,40,121
round_shots,875,110,79,32
round_queries,875,990,2607,10144
round_k,4,16,49,158
round_shots,928,96,85,74,3
round_queries,928,672,1955,5254,1953
round_k,3,11,35,108,325
round_shots,885,154,129,51
round_queries,885,1078,3225,12189
round_k,3,12,39,119
round_shots,578,158,126,62
round_queries,578,1106,2898,14942
round_k,3,11,36,120
round_shots,762,93,125,131,66,4
round_queries,762,279,1125,3537,5478,3052
round_k,1,4,13,41,125,381
round_shots,861,156,128,20
round_queries,861,1404,3968,6380
round_k,4,15,49,159
round_shots,360,82,144,69,11
round_queries,360,410,2160,3381,5115
round_k,2,7,24,77,232
round_shots,1036,216,259,35
round_queries,1036,1512,6993,10535
round_k,3,13,45,150
round_shots,543,160,65,65,6
round_queries,543,1120,1625,4875,4374
round_k,3,12,37,115,364
round_shots,541,135,168,175,3
round_queries,541,945,3864,13125,2061
round_k,3,11,37,112,343
round_shots,647,198,91,80
round_queries,647,1386,2275,19600
round_k,3,12,40,122
round_shots,963,149,142,47
round_queries,963,1341,3834,11891
round_k,4,13,41,126
round_shots,825,96,141,65
round_queries,825,672,3243,14625
round_k,3,11,36,112
round_shots,630,141,89,40
round_queries,630,987,2225,10760
round_k,3,12,40,134
round_shots,537,131,65,55
round_queries,537,917,1625,13695
round_k,3,12,37,124
round_shots,907,147,267,71
round_queries,907,1323,7209,19099
round_k,4,13,40,134
round_shots,750,146,89,62,3
round_queries,750,1022,2225,5022,2331
round_k,3,12,40,124,388
round_shots,887,152,100,34
round_queries,887,1368,3300,10846
round_k,4,16,52,159
round_shots,727,152,103,52
round_queries,727,1064,2575,12844
round_k,3,12,37,123
round_shots,562,114,111,91,31
round_queries,562,342,999,3003,9827
round_k,1,4,16,52,158
round_shots,822,153,78,65,6
round_queries,822,1071,1950,4875,4194
round_k,3,12,37,112,349
round_shots,1002,115,81,74,7
round_queries,1002,805,1863,5254,4557
round_k,3,11,35,108,325
round_shots,931,99,70,84,3
round_queries,931,693,1610,5964,1935
round_k,3,11,35,107,322
round_shots,583,155,84,40
round_queries,583,1085,2100,10920
round_k,3,12,40,136
round_shots,608,149,84,44
round_queries,608,1043,2100,11836
round_k,3,12,37,134
round_shots,611,164,64,62,3
round_queries,611,1148,1600,4650,2091
round_k,3,12,37,115,348
round_shots,951,158,75,58,6
round_queries,951,1106,1875,4350,4194
round_k,3,12,37,116,349
round_shots,979,152,127,130
round_queries,979,1064,3175,31590
round_k,3,12,39,121
round_shots,785,137,90,63,4
round_queries,785,959,2250,5103,2940
round_k,3,12,40,122,367
round_shots,750,136,62,67,3
round_queries,750,952,1550,5025,2091
round_k,3,12,37,115,348
round_shots,556,165,169,227,33
round_queries,556,495,1521,7037,10329
round_k,1,4,15,49,156
round_shots,546,170,64,61,5
round_queries,546,1190,1600,4575,3465
round_k,3,12,37,115,346
round_shots,736,153,145,74,32
round_queries,736,459,1305,2442,10080
round_k,1,4,16,50,157
round_shots,765,151,124,74,5
round_queries,765,1057,2852,5402,3345
round_k,3,11,36,109,334
round_shots,885,170,90,94,3
round_queries,885,1190,2250,7050,2283
round_k,3,12,37,122,380
round_shots,537,139,70,82,10
round_queries,537,973,1610,5822,6490
round_k,3,11,35,107,324
round_shots,710,170,85,109
round_queries,710,1190,2125,30629
round_k,3,12,42,140
round_shots,579,136,96,60,3
round_queries,579,952,2400,4860,2223
round_k,3,12,40,122,370
round_shots,661,168,158,52,3
round_queries,661,1176,3634,3796,2139
round_k,3,11,36,109,356
round_shots,903,170,94,57,4
round_queries,903,1190,2350,4503,2940
round_k,3,12,39,119,367
round_shots,762,164,65,74,6
round_queries,762,1148,1625,5550,4134
round_k,3,12,37,112,344
round_shots,722,147,94,51
round_queries,722,1029,2350,13617
round_k,3,12,40,133
round_shots,661,149,90,61,4
round_queries,661,1043,2250,4575,2924
round_k,3,12,37,115,365
round_shots,900,114,110,41
round_queries,900,1026,3630,13161
round_k,4,16,52,160
round_shots,785,240,142,125
round_queries,785,1680,3834,34125
round_k,3,13,41,136
round_shots,794,100,169,156,34
round_queries,794,300,1521,4836,9962
round_k,1,4,15,48,146
round_shots,842,130,162,33
round_queries,842,1170,5022,9801
round_k,4,15,49,148
round_shots,974,149,93,71
round_queries,974,1043,2325,16969
round_k,3,12,39,119
round_shots,814,131,84,35
round_queries,814,917,2100,10045
round_k,3,12,40,143
round_shots,596,225,110,74
round_queries,596,1575,2750,18278
round_k,3,12,40,123
round_shots,675,128,78,74,3
round_queries,675,896,1950,5550,2127
round_k,3,12,37,112,354
round_shots,742,93,122,74,41
round_queries,742,279,1098,2442,14637
round_k,1,4,16,52,178
round_shots,832,140,97,34
round_queries,832,1260,3201,10710
round_k,4,16,52,157
round_shots,487,86,143,121,34
round_queries,487,258,1287,3751,9894
round_k,1,4,15,48,145
round_shots,547,86,121,66,32
round_queries,547,258,1089,2178,10592
round_k,1,4,16,50,165
round_shots,695,146,64,52,6
round_queries,695,1022,1600,3900,4134
round_k,3,12,37,112,344
round_shots,695,128,122,173,26
round_queries,695,384,1098,5363,8918
round_k,1,4,15,49,171
round_shots,605,304,104,48
round_queries,605,2128,2808,13200
round_k,3,13,42,137
round_shots,750,158,100,48
round_queries,750,1106,2500,13008
round_k,3,12,41,135
round_shots,578,135,74,79,5
round_queries,578,945,1702,5609,3415
round_k,3,11,35,107,341
round_shots,541,146,78,38
round_queries,541,1022,1950,10526
round_k,3,12,40,138
round_shots,817,212,251,44
round_queries,817,1484,6777,12716
round_k,3,13,41,144
round_shots,1026,117,208,33
round_queries,1026,1053,6448,9801
round_k,4,15,49,148
round_shots,629,162,100,120
round_queries,629,1134,2500,33480
round_k,3,12,40,139
round_shots,1011,148,157,74
round_queries,1011,1332,4867,23310
round_k,4,15,49,157
round_shots,566,136,78,83,4
round_queries,566,952,1950,6391,2924
round_k,3,12,38,117,365
round_shots,489,128,150,103,44
round_queries,489,384,1350,2781,11396
round_k,1,4,13,40,129
round_shots,1008,247,211,52
round_queries,1008,1729,5697,14196
round_k,3,13,41,136
round_shots,920,170,76,47
round_queries,920,1190,1900,12455
round_k,3,12,40,132
round_shots,229,93,174,137,35
round_queries,229,279,1566,4247,10395
round_k,1,4,15,48,148
round_shots,587,171,167,98,7
round_queries,587,1197,3841,7350,5313
round_k,3,11,37,126,379
round_shots,721,86,148,220,33
round_queries,721,258,1332,6820,9801
round_k,1,4,15,49,148
round_shots,894,128,86,134,6
round_queries,894,896,2150,10854,4482
round_k,3,12,40,124,373
round_shots,582,220,212,45
round_queries,582,1540,5724,13275
round_k,3,13,41,147
round_shots,1043,110,76,54
round_queries,1043,990,2508,17334
round_k,4,16,53,160
round_shots,600,172,119,42
round_queries,600,1204,2975,11298
round_k,3,12,40,134
round_shots,1086,120,68,51
round_queries,1086,1080,2108,14535
round_k,4,15,47,142
round_shots,302,128,135,151,74
round_queries,302,384,1215,4077,18278
round_k,1,4,13,40,123
round_shots,701,176,65,112,7
round_queries,701,1232,1625,8400,5257
round_k,3,12,37,112,375
round_shots,965,165,89,56,3
round_queries,965,1155,2225,4200,2073
round_k,3,12,37,113,345
round_shots,808,119,148,65,6
round_queries,808,833,3404,4875,4158
round_k,3,11,37,115,346
round_shots,1012,120,120,35
round_queries,1012,1080,3720,10185
round_k,4,15,48,145
round_shots,805,154,72,67
round_queries,805,1078,1800,16549
round_k,3,12,37,123
round_shots,802,128,69,51
round_queries,802,896,1725,12495
round_k,3,12,38,122
round_shots,941,147,96,39
round_queries,941,1323,3168,14313
round_k,4,16,52,183
round_shots,884,125,100,58
round_queries,884,1125,3300,18270
round_k,4,16,51,157
round_shots,951,179,78,65
round_queries,951,1253,1950,16315
round_k,3,12,40,125
round_shots,988,128,84,55,7
round_queries,988,896,2100,4455,5103
round_k,3,12,40,121,364
round_shots,537,128,64,56,5
round_queries,537,896,1600,4200,3525
round_k,3,12,37,116,352
round_shots,746,114,133,70,33
round_queries,746,342,1197,2310,10725
round_k,1,4,16,53,162
round_shots,391,147,149,86,19
round_queries,391,441,1341,2838,6137
round_k,1,4,16,50,161
round_shots,924,117,85,29
round_queries,924,1053,2805,9425
round_k,4,16,49,162
round_shots,703,218,67,58,4
round_queries,703,1526,1675,4350,2852
round_k,3,12,37,113,356
round_shots,540,119,104,94,3
round_queries,540,833,2392,6862,2037
round_k,3,11,36,111,339
round_shots,1050,165,87,48
round_queries,1050,1155,2175,12240
round_k,3,12,37,127
round_shots,540,152,76,56
round_queries,540,1064,1900,13944
round_k,3,12,40,124
round_shots,817,216,228,34
round_queries,817,1512,6156,10166
round_k,3,13,49,149
round_shots,543,128,149,118,4
round_queries,543,896,3725,9086,2868
round_k,3,12,38,118,358
round_shots,644,114,166,188,33
round_queries,644,342,1494,5828,9933
round_k,1,4,15,49,150
round_shots,788,183,65,64,3
round_queries,788,1281,1625,4800,2079
round_k,3,12,37,115,346
round_shots,851,128,75,118
round_queries,851,896,1875,30090
round_k,3,12,41,127
round_shots,652,165,104,136
round_queries,652,1155,2600,32504
round_k,3,12,39,119
round_shots,537,92,120,52,6
round_queries,537,644,2760,3796,3942
round_k,3,11,36,109,328
round_shots,858,130,98,37
round_queries,858,1170,3038,10767
round_k,4,15,48,145
round_shots,631,195,81,64
round_queries,631,1365,2025,16704
round_k,3,12,37,130
round_shots,871,137,101,50
round_queries,871,959,2525,12250
round_k,3,12,37,122
round_shots,623,136,86,47
round_queries,623,952,2150,11703
round_k,3,12,40,124
round_shots,834,132,135,56
round_queries,834,924,3375,13384
round_k,3,12,39,119
round_shots,994,92,99,73
round_queries,994,644,2277,15841
round_k,3,11,35,108
round_shots,877,171,128,70
round_queries,877,1539,3968,22050
round_k,4,15,49,157
round_shots,963,112,213,112,7
round_queries,963,1008,5751,9072,5215
round_k,4,13,40,121,372
round_shots,652,212,102,43
round_queries,652,1484,2550,12083
round_k,3,12,40,140
round_shots,835,126,73,36
round_queries,835,1134,2409,12852
round_k,4,16,54,178
round_shots,745,128,95,54,5
round_queries,745,896,2375,4050,3485
round_k,3,12,37,112,348
round_shots,805,160,88,196,3
round_queries,805,1120,2200,15876,2217
round_k,3,12,40,121,369
round_shots,678,141,122,68,6
round_queries,678,987,3050,5508,4566
round_k,3,12,40,124,380
round_shots,663,153,94,68
round_queries,663,1071,2162,15300
round_k,3,11,36,112
round_shots,658,146,80,49
round_queries,658,1022,2000,12887
round_k,3,12,40,131
round_shots,929,118,66,26
round_queries,929,1062,2178,8762
round_k,4,16,49,168
round_shots,678,162,80,44
round_queries,678,1134,2000,12188
round_k,3,12,40,138
round_shots,871,151,93,66
round_queries,871,1057,2325,17226
round_k,3,12,39,130
round_shots,558,141,117,175,4
round_queries,558,987,2925,13825,2860
round_k,3,12,39,118,357
round_shots,997,197,113,90
round_queries,997,1379,3051,24030
round_k,3,13,42,133
round_shots,911,128,90,46
round_queries,911,896,2250,11822
round_k,3,12,40,128
round_shots,704,165,64,84,4
round_queries,704,1155,1600,6300,2844
round_k,3,12,37,118,355
round_shots,662,216,84,42
round_queries,662,1512,2100,11970
round_k,3,12,40,142
round_shots,700,100,156,66,30
round_queries,700,300,1404,2178,9570
round_k,1,4,16,50,159
round_shots,675,133,84,63,4
round_queries,675,931,2100,5103,2964
round_k,3,12,40,122,370
round_shots,710,149,93,54,3
round_queries,710,1043,2325,4050,2103
round_k,3,12,37,112,350
round_shots,702,93,121,63,26
round_queries,702,279,1089,2079,8762
round_k,1,4,16,49,168
round_shots,773,114,148,67,35
round_queries,773,342,1332,2077,11795
round_k,1,4,15,47,168
round_shots,974,206,99,62,4
round_queries,974,1442,2475,4774,2908
round_k,3,12,38,120,363
round_shots,750,95,145,68,3
round_queries,750,665,3335,4964,2205
round_k,3,11,36,122,367
round_shots,1059,146,80,79
round_queries,1059,1022,2000,19829
round_k,3,12,41,125
round_shots,756,165,118,127,31
round_queries,756,495,1062,3429,9517
round_k,1,4,13,46,153
round_shots,614,159,111,72
round_queries,614,1113,2775,18504
round_k,3,12,40,128
round_shots,570,129,78,80,5
round_queries,570,903,1794,5680,3275
round_k,3,11,35,108,327
round_shots,815,146,87,42
round_queries,815,1314,2697,12558
round_k,4,15,47,149
round_shots,1011,160,78,46
round_queries,1011,1120,1950,11822
round_k,3,12,40,128
round_shots,937,141,86,56
round_queries,937,987,2150,13608
round_k,3,12,40,121
round_shots,546,86,134,135,12
round_queries,546,258,1206,4185,4476
round_k,1,4,15,49,186
round_shots,667,114,155,60,38
round_queries,667,342,1395,1980,12350
round_k,1,4,16,49,162
round_shots,1028,169,76,94
round_queries,1028,1183,1900,23406
round_k,3,12,40,124
round_shots,510,93,88,131,45
round_queries,510,279,792,3537,12645
round_k,1,4,13,41,140
round_shots,913,118,85,33
round_queries,913,1062,2805,11847
round_k,4,16,52,179
round_shots,745,95,97,91,3
round_queries,745,665,2231,6643,2025
round_k,3,11,36,111,337
round_shots,863,120,108,71,3
round_queries,863,840,2484,5183,2079
round_k,3,11,36,109,346
round_shots,647,107,121,91,49
round_queries,647,321,1089,2821,14259
round_k,1,4,15,47,145
round_shots,721,86,119,92,37
round_queries,721,258,1071,3036,11803
round_k,1,4,16,51,159
round_shots,538,100,168,85,68
round_queries,538,300,1512,2635,20740
round_k,1,4,15,48,152
round_shots,663,132,76,45
round_queries,663,924,1900,11385
round_k,3,12,40,126
round_shots,570,107,121,77,42
round_queries,570,321,1089,2541,12474
round_k,1,4,16,49,148
round_shots,347,107,114,60,33
round_queries,347,321,1026,1980,10065
round_k,1,4,16,49,152
round_shots,970,121,89,27
round_queries,970,1089,2937,9099
round_k,4,16,52,168
round_shots,984,148,98,36
round_queries,984,1332,3038,10404
round_k,4,15,47,144
round_shots,552,131,64,44
round_queries,552,917,1600,11924
round_k,3,12,37,135
round_shots,733,149,78,54
round_queries,733,1043,1950,13230
round_k,3,12,40,122
round_shots,759,201,105,125
round_queries,759,1407,2835,34375
round_k,3,13,42,137
round_shots,545,157,109,56
round_queries,545,1099,2725,13944
round_k,3,12,40,124
round_shots,566,164,98,63,3
round_queries,566,1148,2450,5103,2289
round_k,3,12,40,122,381
round_shots,923,131,140,43
round_queries,923,917,3220,11223
round_k,3,11,37,130
round_shots,646,133,78,71,3
round_queries,646,931,1950,5325,2229
round_k,3,12,37,123,371
round_shots,563,114,110,73,25
round_queries,563,342,990,2409,8875
round_k,1,4,16,54,177
round_shots,994,171,75,122
round_queries,994,1197,1875,30622
round_k,3,12,41,125
round_shots,840,142,97,213,6
round_queries,840,994,2231,15123,4698
round_k,3,11,35,130,391
round_shots,690,154,87,62,6
round_queries,690,1078,2175,4650,4326
round_k,3,12,37,115,360
round_shots,854,131,80,74,3
round_queries,854,917,2000,5994,2313
round_k,3,12,40,123,385
round_shots,463,121,144,81,44
round_queries,463,363,1296,2673,14740
round_k,1,4,16,52,167
round_shots,951,136,76,127
round_queries,951,952,1900,32385
round_k,3,12,37,127
round_shots,553,134,94,74,5
round_queries,553,938,2162,5402,3515
round_k,3,11,36,109,351
round_shots,663,131,93,112,3
round_queries,663,917,2325,8848,2151
round_k,3,12,39,119,358
round_shots,752,114,112,86,22
round_queries,752,342,1008,2838,8162
round_k,1,4,16,58,185
round_shots,917,127,91,28
round_queries,917,1143,3003,9324
round_k,4,16,55,166
round_shots,832,133,86,22
round_queries,832,1197,2838,8206
round_k,4,16,58,186
round_shots,820,159,78,59
round_queries,820,1113,1950,14455
round_k,3,12,40,122
round_shots,1050,122,112,32
round_queries,1050,1098,3472,9568
round_k,4,15,48,149
round_shots,540,141,65,59,9
round_queries,540,987,1625,4425,6255
round_k,3,12,37,113,347
round_shots,669,120,122,73,4
round_queries,669,840,2806,5329,3068
round_k,3,11,36,120,383
round_shots,593,114,128,85,43
round_queries,593,342,1152,2635,12685
round_k,1,4,15,48,147
round_shots,897,231,78,39
round_queries,897,1617,1950,10647
round_k,3,12,40,136
round_shots,549,141,79,52,3
round_queries,549,987,1975,4212,2205
round_k,3,12,40,121,367
round_shots,825,175,94,75
round_queries,825,1225,2350,18675
round_k,3,12,40,124
round_shots,801,114,122,91,33
round_queries,801,342,1098,3003,10593
round_k,1,4,16,52,160
round_shots,580,86,143,113,32
round_queries,580,258,1287,3503,9760
round_k,1,4,15,48,152
round_shots,617,230,80,64,3
round_queries,617,1610,2000,5184,2211
round_k,3,12,40,122,368
round_shots,794,131,98,48
round_queries,794,917,2450,11856
round_k,3,12,40,123
round_shots,891,158,76,72,3
round_queries,891,1106,1900,5832,2313
round_k,3,12,40,123,385
round_shots,637,96,78,67,4
round_queries,637,672,1794,4757,2892
round_k,3,11,35,107,361
round_shots,1011,202,240,112,6
round_queries,1011,1414,6480,9072,4494
round_k,3,13,40,121,374
round_shots,931,154,76,71,3
round_queries,931,1078,1900,5751,2289
round_k,3,12,40,122,381
round_shots,799,154,92,63,5
round_queries,799,1078,2116,4599,3325
round_k,3,11,36,110,332
round_shots,537,131,91,81
round_queries,537,917,2275,19521
round_k,3,12,39,120
round_shots,564,143,111,49
round_queries,564,1001,2775,12005
round_k,3,12,40,122
round_shots,644,134,134,140,65
round_queries,644,402,1206,4340,19045
round_k,1,4,15,48,146
round_shots,1096,157,89,59,3
round_queries,1096,1099,2225,4779,2247
round_k,3,12,40,122,374
round_shots,540,187,95,48
round_queries,540,1309,2375,11760
round_k,3,12,40,122
round_shots,469,171,127,90,22
round_queries,469,513,1143,2970,8118
round_k,1,4,16,53,184
round_shots,1050,128,103,52,4
round_queries,1050,896,2575,4212,2940
round_k,3,12,40,121,367
round_shots,953,112,75,25
round_queries,953,1008,2475,8575
round_k,4,16,54,171
round_shots,503,114,166,153,82
round_queries,503,342,1494,4743,24682
round_k,1,4,15,48,150
round_shots,811,199,69,62
round_queries,811,1393,1725,16182
round_k,3,12,37,130
round_shots,453,100,161,202,28
round_queries,453,300,1449,6262,9436
round_k,1,4,15,49,168
round_shots,827,169,74,44
round_queries,827,1521,2294,12452
round_k,4,15,46,141
round_shots,853,117,185,46
round_queries,853,1053,5735,13754
round_k,4,15,49,149
round_shots,805,133,96,58
round_queries,805,931,2400,13978
round_k,3,12,39,120
round_shots,533,100,133,89,51
round_queries,533,300,1197,2937,17085
round_k,1,4,16,55,167
round_shots,828,110,77,30
round_queries,828,990,2541,9450
round_k,4,16,49,157
round_shots,1030,110,63,33
round_queries,1030,990,2079,9801
round_k,4,16,49,148
round_shots,750,103,82,72,8
round_queries,750,721,1886,5112,5288
round_k,3,11,35,109,330
round_shots,1016,222,65,62,5
round_queries,1016,1554,1625,4650,3465
round_k,3,12,37,115,346
round_shots,800,114,122,142,33
round_queries,800,342,1098,4402,9867
round_k,1,4,15,49,149
round_shots,934,175,138,79,5
round_queries,934,1225,3174,5767,3435
round_k,3,11,36,113,343
round_shots,617,100,112,77,35
round_queries,617,300,1008,2541,12145
round_k,1,4,16,52,173
round_shots,765,154,78,47
round_queries,765,1078,1950,11703
round_k,3,12,40,124
round_shots,493,86,125,60,29
round_queries,493,258,1125,1980,9425
round_k,1,4,16,49,162
round_shots,672,128,62,81,5
round_queries,672,896,1550,6075,3515
round_k,3,12,37,114,351
round_shots,1014,148,87,66,6
round_queries,1014,1036,2175,4950,4470
round_k,3,12,37,119,372
round_shots,614,111,105,70,3
round_queries,614,777,2415,5110,2103
round_k,3,11,36,116,350
round_shots,620,131,93,80,3
round_queries,620,917,2325,6320,2133
round_k,3,12,39,118,355
round_shots,768,128,90,80
round_queries,768,896,2250,20560
round_k,3,12,40,128
round_shots,563,107,94,197,77
round_queries,563,321,846,5319,21483
round_k,1,4,13,45,139
round_shots,849,129,71,31
round_queries,849,1161,2343,9517
round_k,4,16,49,153
round_shots,727,110,140,181,6
round_queries,727,770,3220,13575,4134
round_k,3,11,37,112,344
round_shots,692,136,82,56
round_queries,692,952,2050,13608
round_k,3,12,40,121
round_shots,852,119,73,35
round_queries,852,1071,2409,10675
round_k,4,16,49,152
round_shots,750,133,87,73,3
round_queries,750,931,2175,5475,2163
round_k,3,12,37,118,360
round_shots,703,128,65,44
round_queries,703,896,1625,11308
round_k,3,12,37,128
round_shots,994,180,112,51
round_queries,994,1260,2800,13311
round_k,3,12,40,130
round_shots,460,107,114,126,62
round_queries,460,321,1026,4158,19530
round_k,1,4,16,52,157
round_shots,839,144,85,57
round_queries,839,1296,2805,17271
round_k,4,16,49,151
round_shots,598,144,107,49
round_queries,598,1008,2675,11907
round_k,3,12,39,121
round_shots,626,154,89,54,6
round_queries,626,1078,2225,4050,4050
round_k,3,12,37,112,337
round_shots,663,138,110,75,6
round_queries,663,966,2750,5625,4122
round_k,3,12,37,114,343
round_shots,817,102,99,71,5
round_queries,817,714,2277,5041,3225
round_k,3,11,35,107,322
round_shots,791,157,78,68,4
round_queries,791,1099,1950,5508,3108
round_k,3,12,40,129,388
round_shots,727,146,92,81,3
round_queries,727,1022,2116,5913,2253
round_k,3,11,36,123,375
round_shots,753,199,62,109
round_queries,753,1393,1550,26051
round_k,3,12,37,119
round_shots,649,143,202,57,5
round_queries,649,1001,4646,4275,3385
round_k,3,11,37,112,338
round_shots,788,131,86,52
round_queries,788,917,2150,12636
round_k,3,12,40,121
round_shots,1042,136,119,56
round_queries,1042,952,2975,13384
round_k,3,12,39,119
round_shots,663,159,73,65,7
round_queries,663,1113,1825,4875,5075
round_k,3,12,37,115,362
round_shots,631,157,76,66,3
round_queries,631,1099,1900,5346,2277
round_k,3,12,40,121,379
round_shots,270,93,132,160,70
round_queries,270,279,1188,4320,18130
round_k,1,4,13,41,129
round_shots,1065,183,92,39
round_queries,1065,1281,2300,10959
round_k,3,12,40,140
round_shots,450,134,122,77,38
round_queries,450,402,1098,2541,12046
round_k,1,4,16,52,158
round_shots,693,176,115,60,5
round_queries,693,1232,2645,4380,3415
round_k,3,11,36,112,341
round_shots,920,152,79,32
round_queries,920,1368,2607,10080
round_k,4,16,52,157
round_shots,575,153,111,86,3
round_queries,575,1071,2775,6794,2181
round_k,3,12,39,120,363
round_shots,951,209,202,41
round_queries,951,1463,5454,10865
round_k,3,13,40,132
round_shots,1022,117,95,39
round_queries,1022,1053,2945,11583
round_k,4,15,48,148
round_shots,230,93,133,66,38
round_queries,230,279,1197,2178,11286
round_k,1,4,16,49,148
round_shots,820,144,93,109,3
round_queries,820,1008,2325,8175,2181
round_k,3,12,37,113,363
round_shots,728,100,141,95,44
round_queries,728,300,1269,3135,15972
round_k,1,4,16,52,181
round_shots,643,100,83,261,59
round_queries,643,300,747,7047,17051
round_k,1,4,13,41,144
round_shots,885,142,116,108,6
round_queries,885,994,2668,7884,3978
round_k,3,11,36,110,331
round_shots,724,134,112,114,9
round_queries,724,938,2576,8094,6327
round_k,3,11,35,109,351
round_shots,773,131,97,50
round_queries,773,917,2425,12650
round_k,3,12,41,126
round_shots,582,137,248,45
round_queries,582,959,5704,12105
round_k,3,11,37,134
round_shots,549,133,109,73,6
round_queries,549,931,2725,5767,4698
round_k,3,12,39,130,391
round_shots,849,121,96,29
round_queries,849,1089,3168,9251
round_k,4,16,52,159
round_shots,672,111,94,60,9
round_queries,672,777,2162,4380,6075
round_k,3,11,36,112,337
round_shots,669,128,76,52,5
round_queries,669,896,1900,3900,3525
round_k,3,12,37,112,352
round_shots,817,128,76,47
round_queries,817,896,1900,11609
round_k,3,12,40,123
round_shots,724,133,88,76
round_queries,724,931,2200,19076
round_k,3,12,40,125
round_shots,730,131,76,59,3
round_queries,730,917,1900,4779,2241
round_k,3,12,40,122,373
round_shots,920,110,139,52,8
round_queries,920,770,3197,3796,5480
round_k,3,11,36,109,342
round_shots,811,133,78,66,7
round_queries,811,931,1950,5346,5173
round_k,3,12,40,122,369
round_shots,799,96,78,61,6
round_queries,799,672,1794,4331,3942
round_k,3,11,35,109,328
round_shots,558,221,78,74,6
round_queries,558,1547,1950,5550,4098
round_k,3,12,37,113,341
round_shots,854,154,72,71,4
round_queries,854,1078,1800,5325,2844
round_k,3,12,37,115,355
round_shots,567,158,62,52
round_queries,567,1106,1550,13260
round_k,3,12,37,127
round_shots,1054,132,105,62
round_queries,1054,1188,3465,19530
round_k,4,16,52,157
round_shots,519,107,135,77,42
round_queries,519,321,1215,2541,14070
round_k,1,4,16,49,167
round_shots,931,123,62,49
round_queries,931,1107,2046,14553
round_k,4,16,49,148
round_shots,807,93,141,112,110
round_queries,807,279,1269,3472,31790
round_k,1,4,15,47,144
round_shots,710,138,76,85,3
round_queries,710,966,1900,6885,2283
round_k,3,12,40,123,380
round_shots,799,108,92,64,3
round_queries,799,756,2116,4672,1989
round_k,3,11,36,109,331
round_shots,574,171,102,49
round_queries,574,1197,2550,11907
round_k,3,12,40,121
round_shots,722,172,80,66,6
round_queries,722,1204,2000,5346,4530
round_k,3,12,40,121,377
round_shots,865,118,92,56,8
round_queries,865,826,2116,3976,5144
round_k,3,11,35,106,321
round_shots,845,147,99,89
round_queries,845,1029,2277,19847
round_k,3,11,36,111
round_shots,1000,121,70,37
round_queries,1000,1089,2310,12617
round_k,4,16,49,170
round_shots,722,159,76,54
round_queries,722,1113,1900,13662
round_k,3,12,40,126
round_shots,567,114,152,93,29
round_queries,567,342,1368,3069,9193
round_k,1,4,16,52,158
round_shots,549,233,191,75
round_queries,549,1631,5157,18525
round_k,3,13,40,123
round_shots,684,148,90,66
round_queries,684,1036,2250,16038
round_k,3,12,40,121
round_shots,730,188,98,49
round_queries,730,1316,2450,12005
round_k,3,12,40,122
round_shots,659,172,76,40
round_queries,659,1204,1900,10680
round_k,3,12,40,133
round_shots,1019,151,140,75,3
round_queries,1019,1057,3220,5625,2061
round_k,3,11,37,114,343
round_shots,554,99,97,78
round_queries,554,693,2231,18486
round_k,3,11,36,118
round_shots,669,138,104,81,3
round_queries,669,966,2392,5751,2013
round_k,3,11,35,108,335
round_shots,716,149,90,65,3
round_queries,716,1043,2250,4875,2247
round_k,3,12,37,124,374
round_shots,611,128,93,51
round_queries,611,896,2325,12291
round_k,3,12,39,120
round_shots,669,92,164,59,3
round_queries,669,644,3772,4307,1989
round_k,3,11,36,110,331
round_shots,549,146,116,62,4
round_queries,549,1022,2668,4526,2860
round_k,3,11,36,109,357
round_shots,537,143,97,78,5
round_queries,537,1001,2231,5538,3345
round_k,3,11,35,111,334
round_shots,935,125,139,32
round_queries,935,1125,4309,10080
round_k,4,15,48,157
round_shots,982,144,106,99
round_queries,982,1008,2650,24651
round_k,3,12,40,124
round_shots,605,144,91,47
round_queries,605,1008,2275,11703
round_k,3,12,39,124
round_shots,753,151,70,59,6
round_queries,753,1057,1610,4189,4050
round_k,3,11,35,107,337
round_shots,554,172,114,71,3
round_queries,554,1204,2850,5751,2277
round_k,3,12,40,123,379
round_shots,1005,143,122,68,6
round_queries,1005,1001,2806,4964,4254
round_k,3,11,36,112,354
round_shots,834,219,131,56
round_queries,834,1533,3537,14840
round_k,3,13,41,132
round_shots,735,134,133,85,48
round_queries,735,402,1197,2635,14256
round_k,1,4,15,48,148
round_shots,1065,159,99,50
round_queries,1065,1113,2475,12250
round_k,3,12,40,122
round_shots,893,132,81,32
round_queries,893,1188,2673,9568
round_k,4,16,49,149
round_shots,710,92,103,61,5
round_queries,710,644,2369,4331,3255
round_k,3,11,35,107,325
round_shots,900,141,64,119,3
round_queries,900,987,1600,8925,2163
round_k,3,12,37,113,360
round_shots,487,121,128,108,34
round_queries,487,363,1152,3348,10098
round_k,1,4,15,48,148
round_shots,570,133,114,132,3
round_queries,570,931,2850,10428,2187
round_k,3,12,39,121,364
round_shots,962,183,70,112,5
round_queries,962,1281,1750,8400,3465
round_k,3,12,37,113,346
round_shots,561,136,93,104,4
round_queries,561,952,2325,8216,2980
round_k,3,12,39,120,372
round_shots,637,114,137,112,3
round_queries,637,798,3151,8400,2079
round_k,3,11,37,113,346
round_shots,687,128,86,65,6
round_queries,687,896,2150,5265,4590
round_k,3,12,40,124,382
round_shots,586,141,174,131,45
round_queries,586,423,1566,4061,14265
round_k,1,4,15,49,158
round_shots,675,172,80,62,4
round_queries,675,1204,2000,5022,3108
round_k,3,12,40,124,388
round_shots,779,137,122,60,3
round_queries,779,959,3050,4860,2277
round_k,3,12,40,126,379
round_shots,880,211,81,44
round_queries,880,1477,2025,11396
round_k,3,12,42,129
round_shots,931,183,67,62,6
round_queries,931,1281,1675,4650,4098
round_k,3,12,37,112,341
round_shots,887,144,82,58
round_queries,887,1296,2706,18270
round_k,4,16,50,157
round_shots,962,188,111,62
round_queries,962,1316,2775,15066
round_k,3,12,40,121
round_shots,575,141,107,58
round_queries,575,987,2675,15138
round_k,3,12,39,130
round_shots,888,157,104,55
round_queries,888,1099,2600,13585
round_k,3,12,37,123
round_shots,727,157,129,175,3
round_queries,727,1099,3225,13475,2079
round_k,3,12,38,115,346
round_shots,669,159,105,92,6
round_queries,669,1113,2415,6716,4050
round_k,3,11,36,111,337
round_shots,575,128,95,70,6
round_queries,575,896,2375,5670,4566
round_k,3,12,40,121,380
round_shots,901,113,99,28
round_queries,901,1017,3267,9156
round_k,4,16,49,163
round_shots,651,100,135,70,65
round_queries,651,300,1215,2310,20085
round_k,1,4,16,50,154
round_shots,555,136,62,75,3
round_queries,555,952,1550,5625,2259
round_k,3,12,37,114,376
round_shots,977,251,146,53
round_queries,977,1757,3942,13621
round_k,3,13,40,128
round_shots,549,115,109,81,3
round_queries,549,805,2507,5913,2007
round_k,3,11,36,111,334
round_shots,570,142,74,76,7
round_queries,570,994,1702,5396,4515
round_k,3,11,35,107,322
round_shots,877,138,80,67,6
round_queries,877,966,2000,5427,4482
round_k,3,12,40,124,373
round_shots,866,112,81,31
round_queries,866,1008,2673,9827
round_k,4,16,52,158
round_shots,877,198,153,60
round_queries,877,1386,4131,15180
round_k,3,13,41,126
round_shots,891,149,119,56
round_queries,891,1043,2975,13944
round_k,3,12,40,124
round_shots,603,78,140,66,53
round_queries,603,234,1260,2178,16907
round_k,1,4,16,50,159
round_shots,559,96,165,88,8
round_queries,559,480,2475,4488,4360
round_k,2,7,25,87,272
round_shots,783,121,119,74,32
round_queries,783,363,1071,2442,10080
round_k,1,4,16,50,157
round_shots,880,133,62,48
round_queries,880,931,1550,11856
round_k,3,12,37,123
round_shots,937,128,97,111,7
round_queries,937,896,2425,8769,5131
round_k,3,12,39,121,366
round_shots,871,194,79,49
round_queries,871,1358,1975,11907
round_k,3,12,40,121
round_shots,712,165,141,73,6
round_queries,712,1155,3525,5767,4266
round_k,3,12,39,118,355
round_shots,594,162,67,57
round_queries,594,1134,1675,14535
round_k,3,12,37,127
round_shots,953,161,74,41
round_queries,953,1449,2294,11685
round_k,4,15,47,142
round_shots,797,182,90,68,4
round_queries,797,1274,2250,5508,3004
round_k,3,12,40,122,375
round_shots,567,132,72,54,8
round_queries,567,924,1800,4050,5416
round_k,3,12,37,112,338
round_shots,877,141,124,52
round_queries,877,987,3100,12844
round_k,3,12,39,123
round_shots,771,141,115,82
round_queries,771,987,2875,20582
round_k,3,12,39,125
round_shots,599,138,115,64,4
round_queries,599,966,2875,5056,2940
round_k,3,12,39,119,367
round_shots,746,165,156,85,74
round_queries,746,495,1404,2805,22866
round_k,1,4,16,51,154
round_shots,391,86,133,96,32
round_queries,391,258,1197,3168,9888
round_k,1,4,16,51,154
round_shots,917,139,154,69,8
round_queries,917,973,3542,5175,5544
round_k,3,11,37,115,346
round_shots,805,170,78,124
round_queries,805,1190,1950,30628
round_k,3,12,37,123
round_shots,854,149,78,115,3
round_queries,854,1043,1950,8855,2331
round_k,3,12,38,129,388
round_shots,424,93,163,76,30
round_queries,424,279,1467,2508,9330
round_k,1,4,16,50,155
round_shots,561,144,104,82
round_queries,561,1008,2600,21730
round_k,3,12,37,132
round_shots,246,93,117,129,25
round_queries,246,279,1053,3999,8625
round_k,1,4,15,49,172
round_shots,571,188,99,52
round_queries,571,1316,2475,12532
round_k,3,12,39,120
round_shots,790,93,166,103,63
round_queries,790,279,1494,3193,18333
round_k,1,4,15,47,145
round_shots,960,163,86,55
round_queries,960,1141,2150,13365
round_k,3,12,40,121
round_shots,962,131,78,49
round_queries,962,917,1950,11907
round_k,3,12,40,121
round_shots,880,165,76,70,4
round_queries,880,1155,1900,5250,2844
round_k,3,12,37,118,355
round_shots,750,138,69,61,6
round_queries,750,966,1725,4575,4182
round_k,3,12,37,115,348
round_shots,885,186,78,40
round_queries,885,1302,1950,10920
round_k,3,12,40,136
round_shots,750,143,97,59,4
round_queries,750,1001,2231,4307,2916
round_k,3,11,36,110,364
round_shots,1008,163,76,80,4
round_queries,1008,1141,1900,6480,3004
round_k,3,12,40,123,375
round_shots,866,143,151,34
round_queries,866,1287,4681,10166
round_k,4,15,48,149
round_shots,788,128,94,59
round_queries,788,896,2350,13983
round_k,3,12,39,118
round_shots,698,155,65,85,5
round_queries,698,1085,1625,6375,3435
round_k,3,12,37,114,343
round_shots,557,149,115,107,6
round_queries,557,1043,2875,8667,4410
round_k,3,12,40,122,367
round_shots,846,132,78,57
round_queries,846,1188,2574,18297
round_k,4,16,52,160
round_shots,981,110,73,23
round_queries,981,990,2409,8211
round_k,4,16,52,178
round_shots,788,152,118,100
round_queries,788,1064,2950,24900
round_k,3,12,40,124
round_shots,904,122,75,40
round_queries,904,1098,2325,11480
round_k,4,15,47,143
round_shots,720,187,110,50
round_queries,720,1309,2750,12250
round_k,3,12,40,122
round_shots,885,131,76,76
round_queries,885,917,1900,18620
round_k,3,12,40,122
round_shots,527,114,159,66,32
round_queries,527,342,1431,2178,10592
round_k,1,4,16,50,165
round_shots,738,128,143,160,31
round_queries,738,384,1287,4960,9641
round_k,1,4,15,49,155
round_shots,799,165,76,60,4
round_queries,799,1155,1900,4860,3036
round_k,3,12,40,126,379
round_shots,554,143,93,125,3
round_queries,554,1001,2325,9875,2301
round_k,3,12,39,121,383
round_shots,748,152,95,119,4
round_queries,748,1064,2375,8925,2836
round_k,3,12,37,117,354
round_shots,808,224,80,97
round_queries,808,1568,2000,24347
round_k,3,12,37,125
round_shots,1065,125,104,64
round_queries,1065,1125,3432,20544
round_k,4,16,52,160
round_shots,873,110,73,44
round_queries,873,990,2409,13156
round_k,4,16,49,149
round_shots,640,159,83,61,3
round_queries,640,1113,2075,4575,2097
round_k,3,12,37,115,349
round_shots,771,192,75,58,3
round_queries,771,1344,1875,4350,2049
round_k,3,12,37,113,341
round_shots,762,107,153,138,46
round_queries,762,321,1377,3726,11546
round_k,1,4,13,41,125
round_shots,745,131,64,152,4
round_queries,745,917,1600,11400,3020
round_k,3,12,37,125,377
round_shots,643,183,79,91,4
round_queries,643,1281,1975,7371,2996
round_k,3,12,40,123,374
round_shots,768,147,73,52,5
round_queries,768,1029,1825,3900,3375
round_k,3,12,37,112,337
round_shots,771,167,86,47
round_queries,771,1169,2150,11703
round_k,3,12,40,124
round_shots,583,224,82,53
round_queries,583,1568,2050,13091
round_k,3,12,40,123
round_shots,959,128,224,54
round_queries,959,1152,6048,13446
round_k,4,13,40,124
round_shots,575,240,81,136
round_queries,575,1680,2025,33320
round_k,3,12,37,122
round_shots,911,147,123,47
round_queries,911,1029,3075,13301
round_k,3,12,40,141
round_shots,540,146,93,91,9
round_queries,540,1022,2139,6643,6183
round_k,3,11,36,111,343
round_shots,982,154,103,79,6
round_queries,982,1078,2575,5925,4254
round_k,3,12,37,114,354
round_shots,957,201,84,47
round_queries,957,1407,2100,11703
round_k,3,12,40,124
round_shots,561,155,109,52,5
round_queries,561,1085,2507,3796,3425
round_k,3,11,36,109,342
round_shots,549,135,259,62
round_queries,549,945,5957,15934
round_k,3,11,42,128
round_shots,545,163,98,52,7
round_queries,545,1141,2450,4212,5145
round_k,3,12,40,121,367
round_shots,886,155,85,54
round_queries,886,1395,2635,16362
round_k,4,15,48,151
round_shots,453,100,113,70,30
round_queries,453,300,1017,2310,9510
round_k,1,4,16,50,158
round_shots,646,162,80,58
round_queries,646,1134,2000,14442
round_k,3,12,40,124
round_shots,811,120,85,44
round_queries,811,1080,2635,12628
round_k,4,15,47,143
round_shots,749,128,148,88,42
round_queries,749,384,1332,2904,12642
round_k,1,4,16,49,150
round_shots,831,132,89,40
round_queries,831,924,2225,10760
round_k,3,12,37,134
round_shots,682,155,94,57,3
round_queries,682,1085,2350,4503,2211
round_k,3,12,39,119,368
round_shots,911,133,99,72
round_queries,911,931,2277,15912
round_k,3,11,36,110
round_shots,900,168,81,60,6
round_queries,900,1176,1863,4260,4038
round_k,3,11,35,106,336
round_shots,745,92,77,60,5
round_queries,745,644,1771,4260,3335
round_k,3,11,35,107,333
round_shots,768,141,137,63,4
round_queries,768,987,3151,4725,2916
round_k,3,11,37,121,364
round_shots,637,133,65,52,9
round_queries,637,931,1625,3900,6093
round_k,3,12,37,112,338
round_shots,537,102,92,108,4
round_queries,537,714,2116,7452,2828
round_k,3,11,34,117,353
round_shots,855,122,79,26
round_queries,855,1098,2607,8294
round_k,4,16,49,159
round_shots,968,108,112,76,3
round_queries,968,756,2576,5396,2181
round_k,3,11,35,110,363
round_shots,626,95,110,62,3
round_queries,626,665,2530,4526,2043
round_k,3,11,36,112,340
round_shots,917,201,202,48
round_queries,917,1407,5454,11952
round_k,3,13,40,124
round_shots,681,156,70,171,6
round_queries,681,1092,1610,11799,4074
round_k,3,11,34,103,339
round_shots,960,164,94,80,4
round_queries,960,1148,2350,6480,3028
round_k,3,12,40,121,378
round_shots,788,141,75,43
round_queries,788,987,1875,11653
round_k,3,12,37,135
round_shots,664,121,135,204,32
round_queries,664,363,1215,6324,9696
round_k,1,4,15,49,151
round_shots,1012,166,133,37
round_queries,1012,1494,3857,10989
round_k,4,14,43,148
round_shots,602,182,62,59,9
round_queries,602,1274,1550,4425,6129
round_k,3,12,37,112,340
round_shots,567,175,111,109
round_queries,567,1225,2775,27577
round_k,3,12,40,126
round_shots,582,206,62,67,5
round_queries,582,1442,1550,5025,3495
round_k,3,12,37,115,349
round_shots,810,100,153,73,29
round_queries,810,300,1377,2409,9135
round_k,1,4,16,52,157
round_shots,925,104,80,75,7
round_queries,925,728,1840,5325,5215
round_k,3,11,35,107,372
round_shots,537,171,97,83,9
round_queries,537,1197,2231,6059,6111
round_k,3,11,36,112,339
round_shots,580,114,120,78,28
round_queries,580,342,1080,2574,9324
round_k,1,4,16,50,166
round_shots,894,240,136,43
round_queries,894,1680,3672,11223
round_k,3,13,41,130
round_shots,437,121,117,142,22
round_queries,437,363,1053,4402,7370
round_k,1,4,15,48,167
round_shots,799,149,97,52,5
round_queries,799,1043,2231,3692,3205
round_k,3,11,35,106,320
round_shots,583,146,100,51
round_queries,583,1022,2500,13515
round_k,3,12,40,132
round_shots,776,177,84,98,4
round_queries,776,1239,2100,7938,3044
round_k,3,12,40,123,380
round_shots,549,128,93,67,7
round_queries,549,896,2325,5025,5229
round_k,3,12,37,124,373
round_shots,565,213,87,49
round_queries,565,1491,2175,13573
round_k,3,12,37,138
round_shots,905,149,71,113,3
round_queries,905,1043,1775,8701,2109
round_k,3,12,38,116,351
round_shots,911,119,81,45
round_queries,911,1071,2673,15255
round_k,4,16,54,169
round_shots,808,114,169,85,60
round_queries,808,342,1521,2635,18660
round_k,1,4,15,48,155
round_shots,685,96,93,106,3
round_queries,685,672,2139,7526,1959
round_k,3,11,35,108,326
round_shots,927,129,85,33
round_queries,927,1161,2805,10131
round_k,4,16,49,153
round_shots,611,136,62,116,3
round_queries,611,952,1550,8700,2079
round_k,3,12,37,113,346
round_shots,851,135,141,64,3
round_queries,851,945,3243,4672,2145
round_k,3,11,36,118,357
round_shots,673,107,147,85,30
round_queries,673,321,1323,2805,9630
round_k,1,4,16,52,160
round_shots,677,152,90,126,3
round_queries,677,1064,2250,9450,2235
round_k,3,12,37,113,372
round_shots,854,234,104,59
round_queries,854,1638,2600,15045
round_k,3,12,40,127
round_shots,697,135,92,135,3
round_queries,697,945,2116,9855,2019
round_k,3,11,36,111,336
round_shots,760,147,110,63,46
round_queries,760,441,990,2079,13754
round_k,1,4,16,49,149
round_shots,554,176,62,63,3
round_queries,554,1232,1550,4725,2097
round_k,3,12,37,115,349
round_shots,687,128,79,52,7
round_queries,687,896,1975,4212,5215
round_k,3,12,40,121,372
round_shots,770,107,141,88,34
round_queries,770,321,1269,2728,9962
round_k,1,4,15,48,146
round_shots,719,163,93,63,3
round_queries,719,1141,2325,4725,2211
round_k,3,12,37,120,368
round_shots,936,122,126,68
round_queries,936,1098,3906,19652
round_k,4,15,46,144
round_shots,834,149,119,58
round_queries,834,1043,2975,14442
round_k,3,12,39,124
round_shots,707,157,97,45
round_queries,707,1099,2425,11565
round_k,3,12,41,128
round_shots,1030,112,95,23
round_queries,1030,1008,3135,8211
round_k,4,16,59,178
round_shots,771,92,154,62,3
round_queries,771,644,3542,4526,1995
round_k,3,11,36,110,332
round_shots,776,153,120,81
round_queries,776,1071,2760,18711
round_k,3,11,36,115
round_shots,825,106,138,64,4
round_queries,825,742,3174,4800,2836
round_k,3,11,37,115,354
round_shots,587,153,110,88,33
round_queries,587,459,990,2904,10791
round_k,1,4,16,49,163
round_shots,868,223,115,55
round_queries,868,1561,3105,13365
round_k,3,13,40,121
round_shots,729,86,124,90,26
round_queries,729,258,1116,2970,8762
round_k,1,4,16,52,168
round_shots,666,138,96,74,5
round_queries,666,966,2208,5402,3495
round_k,3,11,36,111,349
round_shots,925,135,112,62
round_queries,925,945,2576,13454
round_k,3,11,35,108
round_shots,946,125,91,41
round_queries,946,1125,2821,11767
round_k,4,15,47,143
round_shots,905,128,104,60
round_queries,905,896,2600,14700
round_k,3,12,40,122
round_shots,991,145,104,29
round_queries,991,1305,3432,9193
round_k,4,16,52,158
round_shots,807,141,115,197,37
round_queries,807,423,1035,5319,10323
round_k,1,4,13,45,139
round_shots,762,154,92,71,7
round_queries,762,1078,2116,5041,4515
round_k,3,11,35,106,322
round_shots,1065,112,68,47
round_queries,1065,1008,2244,14429
round_k,4,16,49,153
round_shots,974,122,95,46
round_queries,974,1098,3135,14214
round_k,4,16,51,154
round_shots,585,89,118,73,18
round_queries,585,445,1770,3431,8298
round_k,2,7,23,71,230
round_shots,736,154,94,71,4
round_queries,736,1078,2350,5609,3028
round_k,3,12,39,123,378
round_shots,656,157,99,64,3
round_queries,656,1099,2475,5056,2253
round_k,3,12,39,119,375
round_shots,573,112,127,62,3
round_queries,573,784,2921,4526,2103
round_k,3,11,36,112,350
round_shots,917,157,83,74,4
round_queries,917,1099,2075,5994,2964
round_k,3,12,40,123,370
round_shots,742,128,105,51
round_queries,742,896,2625,12189
round_k,3,12,39,119
round_shots,956,121,108,39
round_queries,956,1089,3564,12285
round_k,4,16,51,157
round_shots,756,107,140,62,44
round_queries,756,321,1260,2046,14564
round_k,1,4,16,49,165
round_shots,908,94,155,29
round_queries,908,846,4185,9599
round_k,4,13,50,165
round_shots,614,144,70,60
round_queries,614,1008,1750,15300
round_k,3,12,37,127
round_shots,979,155,151,96
round_queries,979,1395,4077,26976
round_k,4,13,40,140
round_shots,655,123,84,77,3
round_queries,655,861,1932,5467,2265
round_k,3,11,35,125,377
round_shots,628,159,92,56
round_queries,628,1113,2300,13944
round_k,3,12,40,124
round_shots,773,112,81,135,3
round_queries,773,784,1863,9585,1989
round_k,3,11,35,109,331
round_shots,707,136,64,61,6
round_queries,707,952,1600,4575,4434
round_k,3,12,37,115,369
round_shots,554,198,70,86,4
round_queries,554,1386,1750,6450,2980
round_k,3,12,37,118,372
round_shots,372,100,70,208,42
round_queries,372,300,630,5616,11046
round_k,1,4,13,40,131
round_shots,848,183,78,113,3
round_queries,848,1281,1950,8701,2097
round_k,3,12,38,116,349
round_shots,540,149,62,80,3
round_queries,540,1043,1550,6000,2223
round_k,3,12,37,114,370
round_shots,693,153,78,60,4
round_queries,693,1071,1950,4860,3108
round_k,3,12,40,122,388
round_shots,802,143,104,70,4
round_queries,802,1001,2392,5110,2836
round_k,3,11,36,112,354
round_shots,1004,117,74,50
round_queries,1004,1053,2442,14850
round_k,4,16,49,148
round_shots,776,158,102,49
round_queries,776,1106,2550,12005
round_k,3,12,40,122
round_shots,553,138,65,48
round_queries,553,966,1625,11856
round_k,3,12,37,123
round_shots,925,121,74,29
round_queries,925,1089,2442,9657
round_k,4,16,52,166
round_shots,600,98,102,100,8
round_queries,600,686,2346,7300,5512
round_k,3,11,36,111,344
round_shots,596,165,95,45
round_queries,596,1155,2375,11655
round_k,3,12,40,129
round_shots,569,174,65,65
round_queries,569,1218,1625,17225
round_k,3,12,37,132
round_shots,817,143,78,57
round_queries,817,1001,1950,15333
round_k,3,12,37,134
round_shots,817,172,180,223,3
round_queries,817,1204,4500,17171,2079
round_k,3,12,38,115,346
round_shots,842,131,76,49
round_queries,842,917,1900,11907
round_k,3,12,40,121
round_shots,828,136,99,67,3
round_queries,828,952,2475,5293,2229
round_k,3,12,39,118,371
round_shots,668,114,146,86,14
round_queries,668,342,1314,2838,4970
round_k,1,4,16,58,177
round_shots,745,224,76,60,4
round_queries,745,1568,1900,4860,3108
round_k,3,12,40,124,388
round_shots,921,119,82,32
round_queries,921,1071,2706,12512
round_k,4,16,58,195
round_shots,388,93,135,173,36
round_queries,388,279,1215,5363,11124
round_k,1,4,15,46,154
round_shots,914,164,84,59,4
round_queries,914,1148,2100,4779,3044
round_k,3,12,40,122,380
round_shots,818,136,86,49
round_queries,818,1224,2838,15631
round_k,4,16,52,159
round_shots,590,131,145,39
round_queries,590,917,3625,10725
round_k,3,12,38,137
round_shots,901,129,81,28
round_queries,901,1161,2673,9100
round_k,4,16,53,162
round_shots,623,128,78,42
round_queries,623,896,1950,11046
round_k,3,12,40,131
round_shots,802,154,110,37
round_queries,802,1078,2750,10841
round_k,3,12,40,146
round_shots,785,131,92,75,4
round_queries,785,917,2300,5925,3084
round_k,3,12,39,120,385
round_shots,558,159,127,79,3
round_queries,558,1113,2921,5767,2223
round_k,3,11,36,123,370
round_shots,911,212,111,72,3
round_queries,911,1484,2775,5832,2253
round_k,3,12,40,123,375
round_shots,537,141,100,35
round_queries,537,987,2500,10045
round_k,3,12,40,143
round_shots,736,157,95,52,3
round_queries,736,1099,2375,3900,2085
round_k,3,12,37,112,347
round_shots,750,151,94,44
round_queries,750,1057,2350,11220
round_k,3,12,40,127
round_shots,678,243,106,45
round_queries,678,1701,2650,11655
round_k,3,12,40,129
round_shots,581,138,79,40
round_queries,581,966,1975,11480
round_k,3,12,42,143
round_shots,782,159,173,104,6
round_queries,782,1113,3979,7592,4254
round_k,3,11,36,116,354
round_shots,546,154,98,55
round_queries,546,1078,2450,13475
round_k,3,12,37,122
round_shots,671,156,95,54
round_queries,671,1092,2185,12582
round_k,3,11,36,116
round_shots,593,92,122,86,3
round_queries,593,644,2806,6278,2013
round_k,3,11,36,111,335
round_shots,590,171,151,65,52
round_queries,590,513,1359,2145,16588
round_k,1,4,16,49,159
round_shots,928,137,94,60,3
round_queries,928,959,2162,4380,2169
round_k,3,11,36,112,361
round_shots,1031,130,151,65,6
round_queries,1031,910,3473,4875,4578
round_k,3,11,37,124,381
round_shots,711,100,137,77,84
round_queries,711,300,1233,2541,25620
round_k,1,4,16,50,152
round_shots,595,137,105,47
round_queries,595,959,2625,11703
round_k,3,12,40,124
round_shots,695,149,78,63,6
round_queries,695,1043,1950,4725,4086
round_k,3,12,37,112,340
round_shots,1030,122,63,67
round_queries,1030,1098,2079,20301
round_k,4,16,49,151
round_shots,537,131,88,48
round_queries,537,917,2200,11760
round_k,3,12,40,122
round_shots,799,135,166,65,3
round_queries,799,945,3818,4745,2163
round_k,3,11,36,110,360
round_shots,845,125,70,28
round_queries,845,1125,2310,9996
round_k,4,16,53,178
round_shots,817,223,245,130,4
round_queries,817,1561,6615,10530,3004
round_k,3,13,40,121,375
round_shots,588,154,91,135
round_queries,588,1078,2275,32805
round_k,3,12,39,121
round_shots,793,114,127,117,28
round_queries,793,342,1143,3861,8988
round_k,1,4,16,52,160
round_shots,298,78,136,85,17
round_queries,298,234,1224,2805,6171
round_k,1,4,16,52,181
round_shots,544,138,110,45
round_queries,544,966,2750,11835
round_k,3,12,40,131
round_shots,681,156,137,64,3
round_queries,681,1092,3151,4800,2235
round_k,3,11,37,115,372
round_shots,550,139,78,84,3
round_queries,550,973,1794,5964,2079
round_k,3,11,35,114,346
round_shots,871,146,80,114,3
round_queries,871,1022,2000,9234,2277
round_k,3,12,40,123,379
round_shots,658,114,117,110,34
round_queries,658,342,1053,3410,10030
round_k,1,4,15,48,147
round_shots,960,155,71,49
round_queries,960,1085,1775,12299
round_k,3,12,38,125
round_shots,794,100,74,70,4
round_queries,794,700,1702,4970,2860
round_k,3,11,35,106,357
round_shots,808,209,80,56
round_queries,808,1463,2000,13944
round_k,3,12,40,124
round_shots,660,172,109,115,8
round_queries,660,1204,2507,8165,5560
round_k,3,11,35,109,347
round_shots,583,230,76,59,3
round_queries,583,1610,1900,4779,2205
round_k,3,12,40,122,367
round_shots,822,144,89,58
round_queries,822,1008,2225,15138
round_k,3,12,42,130
round_shots,719,136,65,53
round_queries,719,952,1625,13939
round_k,3,12,37,131
round_shots,605,233,164,53
round_queries,605,1631,4428,15211
round_k,3,13,45,143
round_shots,782,138,99,60,3
round_queries,782,966,2277,4380,2043
round_k,3,11,36,109,340
round_shots,549,136,104,126,6
round_queries,549,952,2600,9954,4470
round_k,3,12,39,120,372
round_shots,977,150,100,59
round_queries,977,1350,3300,18231
round_k,4,16,51,154
round_shots,1022,110,73,29
round_queries,1022,990,2409,9251
round_k,4,16,52,159
round_shots,851,141,65,109,8
round_queries,851,987,1625,8175,5512
round_k,3,12,37,113,344
round_shots,735,170,109,124,3
round_queries,735,1190,2725,9796,2169
round_k,3,12,39,118,361
round_shots,626,150,139,48
round_queries,626,1050,3197,12240
round_k,3,11,37,127
round_shots,712,114,127,93,19
round_queries,712,342,1143,3069,7809
round_k,1,4,16,62,205
round_shots,460,100,138,115,44
round_queries,460,300,1242,3105,12364
round_k,1,4,13,46,140
round_shots,997,146,86,56,4
round_queries,997,1022,2150,4648,3012
round_k,3,12,41,125,376
round_shots,423,177,95,152,45
round_queries,423,531,855,4104,11565
round_k,1,4,13,41,128
round_shots,811,205,146,47
round_queries,811,1435,3942,12737
round_k,3,13,40,135
round_shots,788,159,110,58
round_queries,788,1113,2750,13978
round_k,3,12,39,120
round_shots,684,92,145,67,6
round_queries,684,644,3335,4891,4014
round_k,3,11,36,109,334
round_shots,628,119,161,50
round_queries,628,833,3703,12750
round_k,3,11,37,127
round_shots,556,194,73,65,6
round_queries,556,1358,1825,4875,4386
round_k,3,12,37,115,365
round_shots,842,118,94,65,3
round_queries,842,826,2162,4615,2187
round_k,3,11,35,110,364
round_shots,561,131,70,75,7
round_queries,561,917,1750,5625,5117
round_k,3,12,37,114,365
round_shots,846,110,68,33
round_queries,846,990,2244,9867
round_k,4,16,49,149
round_shots,567,134,156,71,35
round_queries,567,402,1404,2343,10465
round_k,1,4,16,49,149
round_shots,552,212,128,63,4
round_queries,552,1484,3456,5103,3020
round_k,3,13,40,121,377
round_shots,820,133,62,54,6
round_queries,820,931,1550,4050,4062
round_k,3,12,37,112,338
round_shots,782,155,62,59,6
round_queries,782,1085,1550,4425,4086
round_k,3,12,37,112,340
round_shots,768,172,62,78,3
round_queries,768,1204,1550,5850,2151
round_k,3,12,37,114,358
round_shots,549,133,110,56
round_queries,549,931,2750,13384
round_k,3,12,39,119
round_shots,889,129,63,39
round_queries,889,1161,2079,11817
round_k,4,16,49,151
round_shots,487,107,146,135,33
round_queries,487,321,1314,4185,9867
round_k,1,4,15,49,149
round_shots,589,153,132,82,30
round_queries,589,459,1188,2706,9330
round_k,1,4,16,51,155
round_shots,970,148,118,53
round_queries,970,1332,3894,16377
round_k,4,16,51,154
round_shots,973,141,79,67
round_queries,973,1269,2449,19363
round_k,4,15,47,144
round_shots,1045,136,108,80,4
round_queries,1045,952,2700,6320,3076
round_k,3,12,39,124,384
round_shots,570,159,108,119
round_queries,570,1113,2700,32249
round_k,3,12,40,135
round_shots,802,137,62,83,6
round_queries,802,959,1550,6225,4458
round_k,3,12,37,114,371
round_shots,726,134,125,73,28
round_queries,726,402,1125,2409,8988
round_k,1,4,16,53,160
round_shots,580,100,171,66,40
round_queries,580,300,1539,2178,12200
round_k,1,4,16,50,152
round_shots,640,92,167,99
round_queries,640,644,3841,24255
round_k,3,11,37,122
round_shots,953,110,68,33
round_queries,953,990,2244,9933
round_k,4,16,49,150
round_shots,948,147,97,49
round_queries,948,1029,2425,12103
round_k,3,12,40,123
round_shots,802,138,65,62,4
round_queries,802,966,1625,4650,2900
round_k,3,12,37,120,362
round_shots,661,149,142,72,3
round_queries,661,1043,3550,5544,2187
round_k,3,12,38,117,364
round_shots,974,147,93,24
round_queries,974,1323,3069,7848
round_k,4,16,52,163
round_shots,835,166,127,28
round_queries,835,1494,3937,9492
round_k,4,15,49,169
round_shots,928,122,131,123
round_queries,928,854,3013,27675
round_k,3,11,36,112
round_shots,857,167,84,48
round_queries,857,1169,1932,12048
round_k,3,11,35,125
round_shots,584,92,70,54,9
round_queries,584,644,1610,3834,6345
round_k,3,11,35,106,352
round_shots,571,118,85,77,3
round_queries,571,826,1955,5467,2067
round_k,3,11,35,107,344
round_shots,218,114,149,99,34
round_queries,218,342,1341,3267,10166
round_k,1,4,16,49,149
round_shots,623,100,118,85,54
round_queries,623,300,1062,2805,16254
round_k,1,4,16,49,150
round_shots,663,114,125,82,46
round_queries,663,342,1125,2706,14398
round_k,1,4,16,49,156
round_shots,981,117,108,41
round_queries,981,1053,3348,12177
round_k,4,15,48,148
round_shots,941,114,110,48
round_queries,941,1026,3630,15312
round_k,4,16,52,159
round_shots,719,160,78,69,3
round_queries,719,1120,1950,5175,2133
round_k,3,12,37,115,355
round_shots,966,159,107,48
round_queries,966,1431,3317,14352
round_k,4,15,48,149
round_shots,848,154,80,49
round_queries,848,1078,2000,12103
round_k,3,12,40,123
round_shots,596,194,109,80,7
round_queries,596,1358,2725,6320,5355
round_k,3,12,39,118,382
round_shots,576,244,212,47
round_queries,576,1708,5724,11797
round_k,3,13,41,125
round_shots,599,128,78,69
round_queries,599,896,1950,17181
round_k,3,12,40,124
round_shots,710,189,72,118,5
round_queries,710,1323,1800,8850,3415
round_k,3,12,37,112,341
round_shots,1084,122,85,53
round_queries,1084,1098,2635,16271
round_k,4,15,48,153
round_shots,549,144,86,49
round_queries,549,1008,2150,12103
round_k,3,12,40,123
round_shots,802,154,91,136,6
round_queries,802,1078,2275,10744,4326
round_k,3,12,39,118,360
round_shots,1042,169,238,40
round_queries,1042,1521,7378,12200
round_k,4,15,50,152
round_shots,935,133,79,34
round_queries,935,1197,2607,11254
round_k,4,16,54,165
round_shots,874,134,143,65,3
round_queries,874,938,3289,4745,2289
round_k,3,11,36,113,381
round_shots,1036,165,114,105,6
round_queries,1036,1155,2850,8295,4530
round_k,3,12,39,120,377
round_shots,672,156,109,68,3
round_queries,672,1092,2507,4964,2013
round_k,3,11,36,109,335
round_shots,884,162,70,33
round_queries,884,1458,2310,10791
round_k,4,16,53,163
round_shots,768,144,80,52,3
round_queries,768,1008,2000,4212,2265
round_k,3,12,40,121,377
round_shots,976,141,145,46
round_queries,976,1269,4495,14950
round_k,4,15,49,162
round_shots,797,143,106,69,3
round_queries,797,1001,2650,5589,2241
round_k,3,12,40,124,373
round_shots,550,153,123,140,43
round_queries,550,459,1107,3780,11309
round_k,1,4,13,40,131
round_shots,788,221,86,67,6
round_queries,788,1547,2150,5427,4422
round_k,3,12,40,122,368
round_shots,684,100,73,115,86
round_queries,684,300,657,3105,21070
round_k,1,4,13,40,122
round_shots,575,139,110,71,8
round_queries,575,973,2530,4899,5368
round_k,3,11,34,110,335
round_shots,1025,141,90,63,3
round_queries,1025,987,2250,4725,2271
round_k,3,12,37,120,378
round_shots,628,132,86,44
round_queries,628,924,2150,11308
round_k,3,12,40,128
round_shots,661,165,135,162,35
round_queries,661,495,1215,5022,10115
round_k,1,4,15,46,144
round_shots,831,213,70,71,3
round_queries,831,1491,1750,5325,2061
round_k,3,12,37,114,343
round_shots,860,134,164,72,5
round_queries,860,938,3772,5256,3485
round_k,3,11,36,112,348
round_shots,970,72,151,26
round_queries,970,648,4077,8710
round_k,4,13,50,167
round_shots,570,137,104,57
round_queries,570,959,2600,14307
round_k,3,12,37,125
round_shots,780,114,126,77,29
round_queries,780,342,1134,2541,9135
round_k,1,4,16,52,157
round_shots,857,150,88,52,5
round_queries,857,1050,2024,3692,3525
round_k,3,11,35,106,352
round_shots,561,148,89,66,3
round_queries,561,1036,2225,4950,2091
round_k,3,12,37,113,348
round_shots,631,149,129,56,3
round_queries,631,1043,3225,4424,2151
round_k,3,12,39,118,358
round_shots,590,172,76,53
round_queries,590,1204,1900,12985
round_k,3,12,40,122
round_shots,1048,128,96,72
round_queries,1048,896,2400,17496
round_k,3,12,40,121
round_shots,923,133,127,81,3
round_queries,923,931,3175,6399,2217
round_k,3,12,39,120,369
round_shots,1036,103,197,54
round_queries,1036,927,5319,14202
round_k,4,13,40,131
round_shots,707,133,128,61,6
round_queries,707,931,2944,4453,4362
round_k,3,11,36,110,363
round_shots,643,147,82,64,6
round_queries,643,1029,1886,4544,4110
round_k,3,11,35,107,342
round_shots,805,157,110,45
round_queries,805,1099,2750,12465
round_k,3,12,40,138
round_shots,842,122,79,22
round_queries,842,1098,2607,8206
round_k,4,16,49,186
round_shots,851,135,168,52
round_queries,851,945,3864,12324
round_k,3,11,37,118
round_shots,842,137,72,88,8
round_queries,842,959,1656,6248,5160
round_k,3,11,35,107,322
round_shots,688,121,153,101,40
round_queries,688,363,1377,3131,11800
round_k,1,4,15,48,147
round_shots,391,121,148,63,33
round_queries,391,363,1332,2079,10131
round_k,1,4,16,49,153
round_shots,550,155,195,56,6
round_queries,550,1085,4485,4200,4278
round_k,3,11,37,112,356
round_shots,942,133,75,74,7
round_queries,942,931,1875,5550,5005
round_k,3,12,37,113,357
round_shots,715,107,123,90,36
round_queries,715,321,1107,2790,10692
round_k,1,4,15,48,148
round_shots,1033,92,93,78,3
round_queries,1033,644,2139,5694,2043
round_k,3,11,36,110,340
round_shots,684,133,91,93,7
round_queries,684,931,2275,7347,5397
round_k,3,12,39,118,385
round_shots,845,158,76,61
round_queries,845,1106,1900,16287
round_k,3,12,40,133
round_shots,784,121,123,94,68
round_queries,784,363,1107,3102,20604
round_k,1,4,16,49,151
round_shots,1079,141,60,36
round_queries,1079,1269,1980,10692
round_k,4,16,49,148
round_shots,596,154,127,56,4
round_queries,596,1078,2921,4088,3012
round_k,3,11,36,109,376
round_shots,1009,122,127,64
round_queries,1009,1098,4191,19776
round_k,4,16,51,154
round_shots,590,140,67,69,4
round_queries,590,980,1675,5175,2828
round_k,3,12,37,115,353
round_shots,707,141,87,59,4
round_queries,707,987,2175,4779,2996
round_k,3,12,40,122,374
round_shots,842,140,86,25
round_queries,842,1260,2838,8775
round_k,4,16,58,175
round_shots,785,159,95,55
round_queries,785,1113,2375,13365
round_k,3,12,40,121
round_shots,965,130,151,119,3
round_queries,965,910,3473,8925,2145
round_k,3,11,37,117,357
round_shots,929,143,159,32
round_queries,929,1287,4929,9696
round_k,4,15,49,151
round_shots,564,128,70,45
round_queries,564,896,1750,11475
round_k,3,12,37,127
round_shots,911,133,78,70,6
round_queries,911,931,1950,5250,4326
round_k,3,12,37,119,360
round_shots,643,131,76,62
round_queries,643,917,1900,15190
round_k,3,12,40,122
round_shots,932,132,63,32
round_queries,932,1188,2079,10272
round_k,4,16,49,160
round_shots,945,183,92,49
round_queries,945,1281,2300,12005
round_k,3,12,40,122
round_shots,954,166,92,50
round_queries,954,1162,2300,13150
round_k,3,12,40,131
round_shots,649,89,203,85,7
round_queries,649,445,3045,4335,3577
round_k,2,7,25,78,255
round_shots,698,93,117,90,35
round_queries,698,279,1053,2790,10115
round_k,1,4,15,47,144
round_shots,770,93,125,85,44
round_queries,770,279,1125,2805,13596
round_k,1,4,16,51,154
round_shots,546,133,81,64,3
round_queries,546,931,2025,4800,2307
round_k,3,12,37,121,384
round_shots,1033,144,107,73
round_queries,1033,1008,2675,19345
round_k,3,12,37,132
round_shots,482,121,80,115,44
round_queries,482,363,720,3105,11484
round_k,1,4,13,40,130
round_shots,570,188,73,47
round_queries,570,1316,1825,11703
round_k,3,12,37,124
round_shots,1028,131,76,77
round_queries,1028,917,1900,19173
round_k,3,12,40,124
round_shots,739,78,169,184,58
round_queries,739,234,1521,5704,17342
round_k,1,4,15,46,149
round_shots,808,128,81,44
round_queries,808,896,2025,11660
round_k,3,12,42,132
round_shots,768,164,100,60
round_queries,768,1148,2500,14460
round_k,3,12,39,120
round_shots,561,136,158,68
round_queries,561,952,3950,19652
round_k,3,12,39,144
round_shots,646,212,267,39
round_queries,646,1484,7209,10647
round_k,3,13,40,136
round_shots,421,121,129,73,29
round_queries,421,363,1161,2409,10411
round_k,1,4,16,52,179
round_shots,552,136,75,52
round_queries,552,952,1875,12636
round_k,3,12,37,121
round_shots,582,195,163,60,3
round_queries,582,1365,4401,4860,2229
round_k,3,13,40,121,371
round_shots,860,164,84,64,3
round_queries,860,1148,2100,4800,2091
round_k,3,12,37,115,348
round_shots,701,138,88,62
round_queries,701,966,2200,17794
round_k,3,12,40,143
round_shots,805,179,93,54,6
round_queries,805,1253,2325,4050,4194
round_k,3,12,37,112,349
round_shots,570,143,76,98
round_queries,570,1001,1900,24206
round_k,3,12,40,123
round_shots,596,149,122,109,3
round_queries,596,1043,2806,7957,2007
round_k,3,11,36,110,334
round_shots,799,100,72,57,6
round_queries,799,700,1656,4047,4014
round_k,3,11,35,110,334
round_shots,675,131,71,136,4
round_queries,675,917,1775,10472,2940
round_k,3,12,38,120,367
round_shots,745,132,70,152,3
round_queries,745,924,1750,11400,2319
round_k,3,12,37,125,386
round_shots,626,149,154,75,3
round_queries,626,1043,3542,5625,2211
round_k,3,11,37,114,368
round_shots,577,137,91,66
round_queries,577,959,2275,16434
round_k,3,12,39,124
round_shots,974,149,81,35
round_queries,974,1341,2511,10045
round_k,4,15,47,143
round_shots,369,93,128,76,29
round_queries,369,279,1152,2508,9251
round_k,1,4,16,49,159
round_shots,767,128,122,120,35
round_queries,767,384,1098,3720,11935
round_k,1,4,15,48,170
round_shots,727,167,70,76,8
round_queries,727,1169,1610,5396,5528
round_k,3,11,35,106,345
round_shots,597,114,162,122,63,6
round_queries,597,342,1458,3294,5103,4662
round_k,1,4,13,40,122,388
round_shots,600,107,176,245,27
round_queries,600,321,1584,7595,9639
round_k,1,4,15,58,178
round_shots,649,96,97,66,5
round_queries,649,672,2231,4818,3425
round_k,3,11,36,112,342
round_shots,1028,140,69,67,4
round_queries,1028,980,1725,5159,2980
round_k,3,12,38,122,372
round_shots,1056,144,78,60,6
round_queries,1056,1008,1950,4860,4590
round_k,3,12,40,124,382
round_shots,908,159,62,46
round_queries,908,1113,1550,11454
round_k,3,12,37,124
round_shots,782,267,165,37
round_queries,782,1869,4455,10323
round_k,3,13,45,139
round_shots,540,230,88,41
round_queries,540,1610,2200,11193
round_k,3,12,40,136
round_shots,733,189,82,63,3
round_queries,733,1323,2050,5103,2331
round_k,3,12,40,124,388
round_shots,733,150,157,89,5
round_queries,733,1050,3611,6497,3355
round_k,3,11,36,111,335
