round_shots,346,221,189,202,192,33
round_queries,346,663,1323,3030,5952,2079
round_k,0,1,3,7,15,31
round_shots,283,174,211,149,159,80
round_queries,283,522,1477,2235,4929,5040
round_k,0,1,3,7,15,31
round_shots,272,191,158,156,192,61
round_queries,272,573,1106,2340,5952,3843
round_k,0,1,3,7,15,31
round_shots,357,220,163,173,146,70
round_queries,357,660,1141,2595,4526,4410
round_k,0,1,3,7,15,31
round_shots,412,202,158,147,140,79
round_queries,412,606,1106,2205,4340,4977
round_k,0,1,3,7,15,31
round_shots,285,212,164,256,234
round_queries,285,636,1148,3840,7254
round_k,0,1,3,7,15
round_shots,332,182,192,147,165,76
round_queries,332,546,1344,2205,5115,4788
round_k,0,1,3,7,15,31
round_shots,299,226,152,172,207
round_queries,299,678,1064,2580,6417
round_k,0,1,3,7,15
round_shots,382,281,192,198,178,64
round_queries,382,843,1344,2970,5518,4032
round_k,0,1,3,7,15,31
round_shots,293,226,154,289,226
round_queries,293,678,1078,4335,7006
round_k,0,1,3,7,15
round_shots,294,218,195,146,256
round_queries,294,654,1365,2190,7936
round_k,0,1,3,7,15
round_shots,337,185,170,144,169,76
round_queries,337,555,1190,2160,5239,4788
round_k,0,1,3,7,15,31
round_shots,313,184,204,189,153,33
round_queries,313,552,1428,2835,4743,2079
round_k,0,1,3,7,15,31
round_shots,336,220,166,222,221
round_queries,336,660,1162,3330,6851
round_k,0,1,3,7,15
round_shots,313,174,152,192,212
round_queries,313,522,1064,2880,6572
round_k,0,1,3,7,15
round_shots,396,291,264,239,182,45
round_queries,396,873,1848,3585,5642,2835
round_k,0,1,3,7,15,31
round_shots,334,197,155,192,194,81
round_queries,334,591,1085,2880,6014,5103
round_k,0,1,3,7,15,31
round_shots,285,181,215,300,294
round_queries,285,543,1505,4500,9114
round_k,0,1,3,7,15
round_shots,294,184,173,241,207
round_queries,294,552,1211,3615,6417
round_k,0,1,3,7,15
round_shots,277,223,152,166,212
round_queries,277,669,1064,2490,6572
round_k,0,1,3,7,15
round_shots,277,223,218,421,272
round_queries,277,669,1526,6315,8432
round_k,0,1,3,7,15
round_shots,280,234,161,406,326
round_queries,280,702,1127,6090,10106
round_k,0,1,3,7,15
round_shots,287,206,214,313,289
round_queries,287,618,1498,4695,8959
round_k,0,1,3,7,15
round_shots,337,176,166,157,168,80
round_queries,337,528,1162,2355,5208,5040
round_k,0,1,3,7,15,31
round_shots,274,223,264,165,175,61
round_queries,274,669,1848,2475,5425,3843
round_k,0,1,3,7,15,31
round_shots,381,197,167,201,185,67
round_queries,381,591,1169,3015,5735,4221
round_k,0,1,3,7,15,31
round_shots,346,193,173,229,146,75
round_queries,346,579,1211,3435,4526,4725
round_k,0,1,3,7,15,31
round_shots,364,243,189,184,143,75
round_queries,364,729,1323,2760,4433,4725
round_k,0,1,3,7,15,31
round_shots,385,182,207,147,140,79
round_queries,385,546,1449,2205,4340,4977
round_k,0,1,3,7,15,31
round_shots,304,209,175,226,244
round_queries,304,627,1225,3390,7564
round_k,0,1,3,7,15
round_shots,293,174,202,300,165,33
round_queries,293,522,1414,4500,5115,2079
round_k,0,1,3,7,15,31
round_shots,291,217,164,154,214
round_queries,291,651,1148,2310,6634
round_k,0,1,3,7,15
round_shots,272,191,154,160,188,57
round_queries,272,573,1078,2400,5828,3591
round_k,0,1,3,7,15,31
round_shots,306,191,177,156,207
round_queries,306,573,1239,2340,6417
round_k,0,1,3,7,15
round_shots,302,261,173,208,156,76
round_queries,302,783,1211,3120,4836,4788
round_k,0,1,3,7,15,31
round_shots,290,231,233,159,221
round_queries,290,693,1631,2385,6851
round_k,0,1,3,7,15
round_shots,364,174,155,162,150,75
round_queries,364,522,1085,2430,4650,4725
round_k,0,1,3,7,15,31
round_shots,294,194,152,186,208
round_queries,294,582,1064,2790,6448
round_k,0,1,3,7,15
round_shots,357,196,286,159,185,70
round_queries,357,588,2002,2385,5735,4410
round_k,0,1,3,7,15,31
round_shots,387,176,167,144,238
round_queries,387,528,1169,2160,7378
round_k,0,1,3,7,15
round_shots,368,205,155,168,149,60
round_queries,368,615,1085,2520,4619,3780
round_k,0,1,3,7,15,31
round_shots,381,237,234,147,210
round_queries,381,711,1638,2205,6510
round_k,0,1,3,7,15
round_shots,368,197,183,169,240
round_queries,368,591,1281,2535,7440
round_k,0,1,3,7,15
round_shots,365,188,192,160,149,64
round_queries,365,564,1344,2400,4619,4032
round_k,0,1,3,7,15,31
round_shots,435,256,164,150,143,60
round_queries,435,768,1148,2250,4433,3780
round_k,0,1,3,7,15,31
round_shots,298,194,154,169,185,78
round_queries,298,582,1078,2535,5735,4914
round_k,0,1,3,7,15,31
round_shots,307,188,207,299,266
round_queries,307,564,1449,4485,8246
round_k,0,1,3,7,15
round_shots,429,193,183,252,208
round_queries,429,579,1281,3780,6448
round_k,0,1,3,7,15
round_shots,290,287,161,172,146,75
round_queries,290,861,1127,2580,4526,4725
round_k,0,1,3,7,15,31
round_shots,326,181,177,219,150,63
round_queries,326,543,1239,3285,4650,3969
round_k,0,1,3,7,15,31
round_shots,326,188,214,160,207
round_queries,326,564,1498,2400,6417
round_k,0,1,3,7,15
round_shots,336,274,222,188,210
round_queries,336,822,1554,2820,6510
round_k,0,1,3,7,15
round_shots,307,249,158,160,174,73
round_queries,307,747,1106,2400,5394,4599
round_k,0,1,3,7,15,31
round_shots,277,217,199,149,202,66
round_queries,277,651,1393,2235,6262,4158
round_k,0,1,3,7,15,31
round_shots,332,214,196,225,212
round_queries,332,642,1372,3375,6572
round_k,0,1,3,7,15
round_shots,279,174,265,144,217
round_queries,279,522,1855,2160,6727
round_k,0,1,3,7,15
round_shots,283,230,191,263,217
round_queries,283,690,1337,3945,6727
round_k,0,1,3,7,15
round_shots,299,267,164,255,235
round_queries,299,801,1148,3825,7285
round_k,0,1,3,7,15
round_shots,326,185,176,233,227
round_queries,326,555,1232,3495,7037
round_k,0,1,3,7,15
round_shots,365,227,204,202,156,53
round_queries,365,681,1428,3030,4836,3339
round_k,0,1,3,7,15,31
round_shots,318,214,233,217,244
round_queries,318,642,1631,3255,7564
round_k,0,1,3,7,15
round_shots,385,224,194,221,208
round_queries,385,672,1358,3315,6448
round_k,0,1,3,7,15
round_shots,334,275,296,259,229
round_queries,334,825,2072,3885,7099
round_k,0,1,3,7,15
round_shots,379,184,152,249,221
round_queries,379,552,1064,3735,6851
round_k,0,1,3,7,15
round_shots,293,193,199,199,190,60
round_queries,293,579,1393,2985,5890,3780
round_k,0,1,3,7,15,31
round_shots,388,214,160,154,198,69
round_queries,388,642,1120,2310,6138,4347
round_k,0,1,3,7,15,31
round_shots,280,264,251,250,214
round_queries,280,792,1757,3750,6634
round_k,0,1,3,7,15
round_shots,288,203,309,160,202,42
round_queries,288,609,2163,2400,6262,2646
round_k,0,1,3,7,15,31
round_shots,313,203,196,171,191,69
round_queries,313,609,1372,2565,5921,4347
round_k,0,1,3,7,15,31
round_shots,291,209,242,173,172,40
round_queries,291,627,1694,2595,5332,2520
round_k,0,1,3,7,15,31
round_shots,302,174,210,199,146,75
round_queries,302,522,1470,2985,4526,4725
round_k,0,1,3,7,15,31
round_shots,331,182,155,176,140,42
round_queries,331,546,1085,2640,4340,2646
round_k,0,1,3,7,15,31
round_shots,353,218,210,189,148,53
round_queries,353,654,1470,2835,4588,3339
round_k,0,1,3,7,15,31
round_shots,277,174,177,228,146,72
round_queries,277,522,1239,3420,4526,4536
round_k,0,1,3,7,15,31
round_shots,334,211,155,153,202,53
round_queries,334,633,1085,2295,6262,3339
round_k,0,1,3,7,15,31
round_shots,291,187,170,152,218
round_queries,291,561,1190,2280,6758
round_k,0,1,3,7,15
round_shots,302,176,166,212,191,76
round_queries,302,528,1162,3180,5921,4788
round_k,0,1,3,7,15,31
round_shots,321,203,196,211,172,76
round_queries,321,609,1372,3165,5332,4788
round_k,0,1,3,7,15,31
round_shots,317,323,164,179,162,77
round_queries,317,969,1148,2685,5022,4851
round_k,0,1,3,7,15,31
round_shots,343,193,152,169,212
round_queries,343,579,1064,2535,6572
round_k,0,1,3,7,15
round_shots,283,246,255,156,161,58
round_queries,283,738,1785,2340,4991,3654
round_k,0,1,3,7,15,31
round_shots,385,209,177,150,143,76
round_queries,385,627,1239,2250,4433,4788
round_k,0,1,3,7,15,31
round_shots,287,234,157,219,271
round_queries,287,702,1099,3285,8401
round_k,0,1,3,7,15
round_shots,301,301,180,191,217
round_queries,301,903,1260,2865,6727
round_k,0,1,3,7,15
round_shots,396,252,180,182,212
round_queries,396,756,1260,2730,6572
round_k,0,1,3,7,15
round_shots,351,246,155,192,235
round_queries,351,738,1085,2880,7285
round_k,0,1,3,7,15
round_shots,312,197,170,201,167,43
round_queries,312,591,1190,3015,5177,2709
round_k,0,1,3,7,15,31
round_shots,307,176,167,226,210
round_queries,307,528,1169,3390,6510
round_k,0,1,3,7,15
round_shots,277,194,155,169,140,77
round_queries,277,582,1085,2535,4340,4851
round_k,0,1,3,7,15,31
round_shots,274,322,167,176,252
round_queries,274,966,1169,2640,7812
round_k,0,1,3,7,15
round_shots,361,214,173,235,148,75
round_queries,361,642,1211,3525,4588,4725
round_k,0,1,3,7,15,31
round_shots,283,258,265,449,293
round_queries,283,774,1855,6735,9083
round_k,0,1,3,7,15
round_shots,301,174,274,147,202,76
round_queries,301,522,1918,2205,6262,4788
round_k,0,1,3,7,15,31
round_shots,275,206,152,225,195,64
round_queries,275,618,1064,3375,6045,4032
round_k,0,1,3,7,15,31
round_shots,318,194,170,168,201,75
round_queries,318,582,1190,2520,6231,4725
round_k,0,1,3,7,15,31
round_shots,272,275,152,162,202,58
round_queries,272,825,1064,2430,6262,3654
round_k,0,1,3,7,15,31
round_shots,336,187,158,242,217
round_queries,336,561,1106,3630,6727
round_k,0,1,3,7,15
round_shots,299,203,183,144,143,55
round_queries,299,609,1281,2160,4433,3465
round_k,0,1,3,7,15,31
round_shots,280,182,179,149,149,81
round_queries,280,546,1253,2235,4619,5103
round_k,0,1,3,7,15,31
round_shots,468,231,163,176,207
round_queries,468,693,1141,2640,6417
round_k,0,1,3,7,15
round_shots,285,185,161,150,140,67
round_queries,285,555,1127,2250,4340,4221
round_k,0,1,3,7,15,31
round_shots,361,255,167,181,210
round_queries,361,765,1169,2715,6510
round_k,0,1,3,7,15
round_shots,291,178,161,168,153,75
round_queries,291,534,1127,2520,4743,4725
round_k,0,1,3,7,15,31
round_shots,291,258,173,307,226
round_queries,291,774,1211,4605,7006
round_k,0,1,3,7,15
round_shots,294,206,245,186,208
round_queries,294,618,1715,2790,6448
round_k,0,1,3,7,15
round_shots,290,224,227,149,165,67
round_queries,290,672,1589,2235,5115,4221
round_k,0,1,3,7,15,31
round_shots,340,188,164,150,214
round_queries,340,564,1148,2250,6634
round_k,0,1,3,7,15
round_shots,373,188,192,204,213
round_queries,373,564,1344,3060,6603
round_k,0,1,3,7,15
round_shots,317,206,245,280,246
round_queries,317,618,1715,4200,7626
round_k,0,1,3,7,15
round_shots,332,237,155,232,318
round_queries,332,711,1085,3480,9858
round_k,0,1,3,7,15
round_shots,288,234,180,189,243
round_queries,288,702,1260,2835,7533
round_k,0,1,3,7,15
round_shots,382,193,234,298,259
round_queries,382,579,1638,4470,8029
round_k,0,1,3,7,15
round_shots,293,206,188,168,211
round_queries,293,618,1316,2520,6541
round_k,0,1,3,7,15
round_shots,280,243,161,288,214
round_queries,280,729,1127,4320,6634
round_k,0,1,3,7,15
round_shots,402,176,222,222,217
round_queries,402,528,1554,3330,6727
round_k,0,1,3,7,15
round_shots,323,230,170,481,314
round_queries,323,690,1190,7215,9734
round_k,0,1,3,7,15
round_shots,310,220,195,198,146,45
round_queries,310,660,1365,2970,4526,2835
round_k,0,1,3,7,15,31
round_shots,280,190,196,238,215
round_queries,280,570,1372,3570,6665
round_k,0,1,3,7,15
round_shots,272,191,157,208,218
round_queries,272,573,1099,3120,6758
round_k,0,1,3,7,15
round_shots,277,188,179,160,214
round_queries,277,564,1253,2400,6634
round_k,0,1,3,7,15
round_shots,301,194,204,199,212
round_queries,301,582,1428,2985,6572
round_k,0,1,3,7,15
round_shots,343,212,155,144,153,80
round_queries,343,636,1085,2160,4743,5040
round_k,0,1,3,7,15,31
round_shots,299,288,167,313,229
round_queries,299,864,1169,4695,7099
round_k,0,1,3,7,15
round_shots,294,174,172,199,165,50
round_queries,294,522,1204,2985,5115,3150
round_k,0,1,3,7,15,31
round_shots,283,188,169,146,161,77
round_queries,283,564,1183,2190,4991,4851
round_k,0,1,3,7,15,31
round_shots,277,212,164,149,217
round_queries,277,636,1148,2235,6727
round_k,0,1,3,7,15
round_shots,272,190,245,289,222
round_queries,272,570,1715,4335,6882
round_k,0,1,3,7,15
round_shots,353,231,176,157,149,79
round_queries,353,693,1232,2355,4619,4977
round_k,0,1,3,7,15,31
round_shots,274,208,173,159,149,75
round_queries,274,624,1211,2385,4619,4725
round_k,0,1,3,7,15,31
round_shots,399,215,195,182,159,66
round_queries,399,645,1365,2730,4929,4158
round_k,0,1,3,7,15,31
round_shots,290,229,228,144,180,78
round_queries,290,687,1596,2160,5580,4914
round_k,0,1,3,7,15,31
round_shots,299,197,179,222,210
round_queries,299,591,1253,3330,6510
round_k,0,1,3,7,15
round_shots,301,267,205,182,215
round_queries,301,801,1435,2730,6665
round_k,0,1,3,7,15
round_shots,288,284,195,152,248
round_queries,288,852,1365,2280,7688
round_k,0,1,3,7,15
round_shots,337,233,218,157,208
round_queries,337,699,1526,2355,6448
round_k,0,1,3,7,15
round_shots,280,217,152,233,221
round_queries,280,651,1064,3495,6851
round_k,0,1,3,7,15
round_shots,301,200,185,154,184,52
round_queries,301,600,1295,2310,5704,3276
round_k,0,1,3,7,15,31
round_shots,342,271,180,163,148,61
round_queries,342,813,1260,2445,4588,3843
round_k,0,1,3,7,15,31
round_shots,313,179,205,252,270
round_queries,313,537,1435,3780,8370
round_k,0,1,3,7,15
round_shots,293,239,155,162,181,48
round_queries,293,717,1085,2430,5611,3024
round_k,0,1,3,7,15,31
round_shots,285,234,177,150,197,72
round_queries,285,702,1239,2250,6107,4536
round_k,0,1,3,7,15,31
round_shots,323,236,172,165,177,57
round_queries,323,708,1204,2475,5487,3591
round_k,0,1,3,7,15,31
round_shots,430,184,199,212,241
round_queries,430,552,1393,3180,7471
round_k,0,1,3,7,15
round_shots,291,212,205,160,233
round_queries,291,636,1435,2400,7223
round_k,0,1,3,7,15
round_shots,385,209,163,221,177,67
round_queries,385,627,1141,3315,5487,4221
round_k,0,1,3,7,15,31
round_shots,302,187,218,268,241
round_queries,302,561,1526,4020,7471
round_k,0,1,3,7,15
round_shots,467,174,176,236,221
round_queries,467,522,1232,3540,6851
round_k,0,1,3,7,15
round_shots,290,233,164,144,142,75
round_queries,290,699,1148,2160,4402,4725
round_k,0,1,3,7,15,31
round_shots,345,242,180,163,153,77
round_queries,345,726,1260,2445,4743,4851
round_k,0,1,3,7,15,31
round_shots,288,206,252,209,247
round_queries,288,618,1764,3135,7657
round_k,0,1,3,7,15
round_shots,339,227,166,259,227
round_queries,339,681,1162,3885,7037
round_k,0,1,3,7,15
round_shots,320,215,170,150,210
round_queries,320,645,1190,2250,6510
round_k,0,1,3,7,15
round_shots,351,185,154,154,146,75
round_queries,351,555,1078,2310,4526,4725
round_k,0,1,3,7,15,31
round_shots,382,185,185,186,211
round_queries,382,555,1295,2790,6541
round_k,0,1,3,7,15
round_shots,275,184,157,255,207
round_queries,275,552,1099,3825,6417
round_k,0,1,3,7,15
round_shots,272,184,210,250,207
round_queries,272,552,1470,3750,6417
round_k,0,1,3,7,15
round_shots,321,176,170,228,220
round_queries,321,528,1190,3420,6820
round_k,0,1,3,7,15
round_shots,331,185,225,160,211
round_queries,331,555,1575,2400,6541
round_k,0,1,3,7,15
round_shots,307,190,164,173,217
round_queries,307,570,1148,2595,6727
round_k,0,1,3,7,15
round_shots,323,179,172,173,185,58
round_queries,323,537,1204,2595,5735,3654
round_k,0,1,3,7,15,31
round_shots,323,190,161,184,145,70
round_queries,323,570,1127,2760,4495,4410
round_k,0,1,3,7,15,31
round_shots,332,214,254,233,233
round_queries,332,642,1778,3495,7223
round_k,0,1,3,7,15
round_shots,332,221,240,321,240
round_queries,332,663,1680,4815,7440
round_k,0,1,3,7,15
round_shots,279,335,215,413,315
round_queries,279,1005,1505,6195,9765
round_k,0,1,3,7,15
round_shots,275,234,224,176,210
round_queries,275,702,1568,2640,6510
round_k,0,1,3,7,15
round_shots,274,205,157,192,207
round_queries,274,615,1099,2880,6417
round_k,0,1,3,7,15
round_shots,283,202,195,171,169,81
round_queries,283,606,1365,2565,5239,5103
round_k,0,1,3,7,15,31
round_shots,280,218,155,172,153,63
round_queries,280,654,1085,2580,4743,3969
round_k,0,1,3,7,15,31
round_shots,313,174,166,172,162,58
round_queries,313,522,1162,2580,5022,3654
round_k,0,1,3,7,15,31
round_shots,346,174,166,144,143,70
round_queries,346,522,1162,2160,4433,4410
round_k,0,1,3,7,15,31
round_shots,442,197,157,147,206
round_queries,442,591,1099,2205,6386
round_k,0,1,3,7,15
round_shots,346,202,182,156,140,63
round_queries,346,606,1274,2340,4340,3969
round_k,0,1,3,7,15,31
round_shots,285,185,152,207,207
round_queries,285,555,1064,3105,6417
round_k,0,1,3,7,15
round_shots,337,230,222,147,149,76
round_queries,337,690,1554,2205,4619,4788
round_k,0,1,3,7,15,31
round_shots,274,209,177,159,198,57
round_queries,274,627,1239,2385,6138,3591
round_k,0,1,3,7,15,31
round_shots,272,190,179,147,207
round_queries,272,570,1253,2205,6417
round_k,0,1,3,7,15
round_shots,348,178,155,185,213
round_queries,348,534,1085,2775,6603
round_k,0,1,3,7,15
round_shots,345,196,154,189,162,76
round_queries,345,588,1078,2835,5022,4788
round_k,0,1,3,7,15,31
round_shots,309,221,218,346,258
round_queries,309,663,1526,5190,7998
round_k,0,1,3,7,15
round_shots,310,220,221,516,261
round_queries,310,660,1547,7740,8091
round_k,0,1,3,7,15
round_shots,320,209,164,156,162,79
round_queries,320,627,1148,2340,5022,4977
round_k,0,1,3,7,15,31
round_shots,298,179,161,146,185,48
round_queries,298,537,1127,2190,5735,3024
round_k,0,1,3,7,15,31
round_shots,318,179,176,392,383
round_queries,318,537,1232,5880,11873
round_k,0,1,3,7,15
round_shots,367,215,233,284,230
round_queries,367,645,1631,4260,7130
round_k,0,1,3,7,15
round_shots,342,174,177,157,167,81
round_queries,342,522,1239,2355,5177,5103
round_k,0,1,3,7,15,31
round_shots,296,255,188,366,266
round_queries,296,765,1316,5490,8246
round_k,0,1,3,7,15
round_shots,294,182,222,156,195,80
round_queries,294,546,1554,2340,6045,5040
round_k,0,1,3,7,15,31
round_shots,354,181,155,162,153,76
round_queries,354,543,1085,2430,4743,4788
round_k,0,1,3,7,15,31
round_shots,421,176,227,207,212
round_queries,421,528,1589,3105,6572
round_k,0,1,3,7,15
round_shots,272,187,176,160,220
round_queries,272,561,1232,2400,6820
round_k,0,1,3,7,15
round_shots,294,174,177,192,210
round_queries,294,522,1239,2880,6510
round_k,0,1,3,7,15
round_shots,277,202,247,159,227
round_queries,277,606,1729,2385,7037
round_k,0,1,3,7,15
round_shots,329,193,152,181,207
round_queries,329,579,1064,2715,6417
round_k,0,1,3,7,15
round_shots,291,243,205,154,145,50
round_queries,291,729,1435,2310,4495,3150
round_k,0,1,3,7,15,31
round_shots,275,217,170,176,221
round_queries,275,651,1190,2640,6851
round_k,0,1,3,7,15
round_shots,321,243,155,179,200,70
round_queries,321,729,1085,2685,6200,4410
round_k,0,1,3,7,15,31
round_shots,288,215,261,154,226
round_queries,288,645,1827,2310,7006
round_k,0,1,3,7,15
round_shots,304,236,170,169,211
round_queries,304,708,1190,2535,6541
round_k,0,1,3,7,15
round_shots,343,182,218,211,225
round_queries,343,546,1526,3165,6975
round_k,0,1,3,7,15
round_shots,291,188,155,225,214
round_queries,291,564,1085,3375,6634
round_k,0,1,3,7,15
round_shots,419,176,235,195,232
round_queries,419,528,1645,2925,7192
round_k,0,1,3,7,15
round_shots,287,209,167,154,143,79
round_queries,287,627,1169,2310,4433,4977
round_k,0,1,3,7,15,31
round_shots,280,246,186,205,158,69
round_queries,280,738,1302,3075,4898,4347
round_k,0,1,3,7,15,31
round_shots,359,199,183,281,247
round_queries,359,597,1281,4215,7657
round_k,0,1,3,7,15
round_shots,475,185,154,173,164,58
round_queries,475,555,1078,2595,5084,3654
round_k,0,1,3,7,15,31
round_shots,280,214,166,189,167,38
round_queries,280,642,1162,2835,5177,2394
round_k,0,1,3,7,15,31
round_shots,291,309,182,367,247
round_queries,291,927,1274,5505,7657
round_k,0,1,3,7,15
round_shots,334,176,262,176,204,63
round_queries,334,528,1834,2640,6324,3969
round_k,0,1,3,7,15,31
round_shots,447,259,180,154,210
round_queries,447,777,1260,2310,6510
round_k,0,1,3,7,15
round_shots,348,252,179,246,271
round_queries,348,756,1253,3690,8401
round_k,0,1,3,7,15
round_shots,280,182,161,238,298
round_queries,280,546,1127,3570,9238
round_k,0,1,3,7,15
round_shots,332,202,167,189,209
round_queries,332,606,1169,2835,6479
round_k,0,1,3,7,15
round_shots,351,188,167,198,178,47
round_queries,351,564,1169,2970,5518,2961
round_k,0,1,3,7,15,31
round_shots,296,234,175,147,185,76
round_queries,296,702,1225,2205,5735,4788
round_k,0,1,3,7,15,31
round_shots,275,197,242,362,223
round_queries,275,591,1694,5430,6913
round_k,0,1,3,7,15
round_shots,426,231,170,225,156,53
round_queries,426,693,1190,3375,4836,3339
round_k,0,1,3,7,15,31
round_shots,461,200,195,212,181,82
round_queries,461,600,1365,3180,5611,5166
round_k,0,1,3,7,15,31
round_shots,337,223,158,392,270
round_queries,337,669,1106,5880,8370
round_k,0,1,3,7,15
round_shots,578,229,237,179,233
round_queries,578,687,1659,2685,7223
round_k,0,1,3,7,15
round_shots,362,233,155,179,244
round_queries,362,699,1085,2685,7564
round_k,0,1,3,7,15
round_shots,334,174,173,149,212
round_queries,334,522,1211,2235,6572
round_k,0,1,3,7,15
round_shots,351,182,160,171,146,78
round_queries,351,546,1120,2565,4526,4914
round_k,0,1,3,7,15,31
round_shots,285,223,152,318,359
round_queries,285,669,1064,4770,11129
round_k,0,1,3,7,15
round_shots,318,194,210,157,140,70
round_queries,318,582,1470,2355,4340,4410
round_k,0,1,3,7,15,31
round_shots,310,215,186,150,217
round_queries,310,645,1302,2250,6727
round_k,0,1,3,7,15
round_shots,288,221,192,146,191,50
round_queries,288,663,1344,2190,5921,3150
round_k,0,1,3,7,15,31
round_shots,272,209,166,144,155,73
round_queries,272,627,1162,2160,4805,4599
round_k,0,1,3,7,15,31
round_shots,340,174,155,245,198,33
round_queries,340,522,1085,3675,6138,2079
round_k,0,1,3,7,15,31
round_shots,356,176,152,186,155,79
round_queries,356,528,1064,2790,4805,4977
round_k,0,1,3,7,15,31
round_shots,310,176,196,293,212
round_queries,310,528,1372,4395,6572
round_k,0,1,3,7,15
round_shots,426,261,188,221,254
round_queries,426,783,1316,3315,7874
round_k,0,1,3,7,15
round_shots,381,203,166,185,232
round_queries,381,609,1162,2775,7192
round_k,0,1,3,7,15
round_shots,274,200,195,146,140,58
round_queries,274,600,1365,2190,4340,3654
round_k,0,1,3,7,15,31
round_shots,277,176,185,188,178,60
round_queries,277,528,1295,2820,5518,3780
round_k,0,1,3,7,15,31
round_shots,337,240,180,178,244
round_queries,337,720,1260,2670,7564
round_k,0,1,3,7,15
round_shots,412,223,182,146,149,69
round_queries,412,669,1274,2190,4619,4347
round_k,0,1,3,7,15,31
round_shots,309,199,154,257,207
round_queries,309,597,1078,3855,6417
round_k,0,1,3,7,15
round_shots,418,181,183,144,208
round_queries,418,543,1281,2160,6448
round_k,0,1,3,7,15
round_shots,274,224,196,160,217
round_queries,274,672,1372,2400,6727
round_k,0,1,3,7,15
round_shots,450,240,207,186,212
round_queries,450,720,1449,2790,6572
round_k,0,1,3,7,15
round_shots,283,179,192,144,217
round_queries,283,537,1344,2160,6727
round_k,0,1,3,7,15
round_shots,375,176,186,221,221
round_queries,375,528,1302,3315,6851
round_k,0,1,3,7,15
round_shots,356,174,152,202,285
round_queries,356,522,1064,3030,8835
round_k,0,1,3,7,15
round_shots,370,174,180,160,217
round_queries,370,522,1260,2400,6727
round_k,0,1,3,7,15
round_shots,356,218,155,166,212
round_queries,356,654,1085,2490,6572
round_k,0,1,3,7,15
round_shots,340,174,221,178,182,72
round_queries,340,522,1547,2670,5642,4536
round_k,0,1,3,7,15,31
round_shots,317,221,164,157,140,79
round_queries,317,663,1148,2355,4340,4977
round_k,0,1,3,7,15,31
round_shots,290,188,183,212,153,63
round_queries,290,564,1281,3180,4743,3969
round_k,0,1,3,7,15,31
round_shots,368,231,265,340,234
round_queries,368,693,1855,5100,7254
round_k,0,1,3,7,15
round_shots,298,206,152,156,148,76
round_queries,298,618,1064,2340,4588,4788
round_k,0,1,3,7,15,31
round_shots,287,209,196,171,168,75
round_queries,287,627,1372,2565,5208,4725
round_k,0,1,3,7,15,31
round_shots,287,240,155,160,159,43
round_queries,287,720,1085,2400,4929,2709
round_k,0,1,3,7,15,31
round_shots,312,242,221,192,207
round_queries,312,726,1547,2880,6417
round_k,0,1,3,7,15
round_shots,280,202,172,186,192,48
round_queries,280,606,1204,2790,5952,3024
round_k,0,1,3,7,15,31
round_shots,315,190,160,239,178,50
round_queries,315,570,1120,3585,5518,3150
round_k,0,1,3,7,15,31
round_shots,285,239,186,274,210
round_queries,285,717,1302,4110,6510
round_k,0,1,3,7,15
round_shots,277,245,180,382,298
round_queries,277,735,1260,5730,9238
round_k,0,1,3,7,15
round_shots,332,179,194,171,145,80
round_queries,332,537,1358,2565,4495,5040
round_k,0,1,3,7,15,31
round_shots,362,178,242,207,207
round_queries,362,534,1694,3105,6417
round_k,0,1,3,7,15
round_shots,312,176,155,274,235
round_queries,312,528,1085,4110,7285
round_k,0,1,3,7,15
round_shots,384,188,152,153,208
round_queries,384,564,1064,2295,6448
round_k,0,1,3,7,15
round_shots,282,205,196,186,152,76
round_queries,282,615,1372,2790,4712,4788
round_k,0,1,3,7,15,31
round_shots,326,188,173,154,184,61
round_queries,326,564,1211,2310,5704,3843
round_k,0,1,3,7,15,31
round_shots,282,281,173,166,159,70
round_queries,282,843,1211,2490,4929,4410
round_k,0,1,3,7,15,31
round_shots,275,187,170,249,162,43
round_queries,275,561,1190,3735,5022,2709
round_k,0,1,3,7,15,31
round_shots,331,176,191,215,251
round_queries,331,528,1337,3225,7781
round_k,0,1,3,7,15
round_shots,274,179,167,248,226
round_queries,274,537,1169,3720,7006
round_k,0,1,3,7,15
round_shots,407,179,166,150,159,81
round_queries,407,537,1162,2250,4929,5103
round_k,0,1,3,7,15,31
round_shots,277,197,192,179,226
round_queries,277,591,1344,2685,7006
round_k,0,1,3,7,15
round_shots,310,194,194,168,146,63
round_queries,310,582,1358,2520,4526,3969
round_k,0,1,3,7,15,31
round_shots,361,234,161,202,168,70
round_queries,361,702,1127,3030,5208,4410
round_k,0,1,3,7,15,31
round_shots,331,200,154,146,149,63
round_queries,331,600,1078,2190,4619,3969
round_k,0,1,3,7,15,31
round_shots,307,197,155,253,213
round_queries,307,591,1085,3795,6603
round_k,0,1,3,7,15
round_shots,304,236,214,163,221
round_queries,304,708,1498,2445,6851
round_k,0,1,3,7,15
round_shots,350,224,189,307,233
round_queries,350,672,1323,4605,7223
round_k,0,1,3,7,15
round_shots,310,202,183,172,164,76
round_queries,310,606,1281,2580,5084,4788
round_k,0,1,3,7,15,31
round_shots,346,174,228,144,209
round_queries,346,522,1596,2160,6479
round_k,0,1,3,7,15
round_shots,282,237,166,149,143,78
round_queries,282,711,1162,2235,4433,4914
round_k,0,1,3,7,15,31
round_shots,302,255,196,260,175,75
round_queries,302,765,1372,3900,5425,4725
round_k,0,1,3,7,15,31
round_shots,357,271,204,191,208
round_queries,357,813,1428,2865,6448
round_k,0,1,3,7,15
round_shots,310,212,175,165,149,75
round_queries,310,636,1225,2475,4619,4725
round_k,0,1,3,7,15,31
round_shots,294,185,198,153,153,67
round_queries,294,555,1386,2295,4743,4221
round_k,0,1,3,7,15,31
round_shots,277,227,152,208,214
round_queries,277,681,1064,3120,6634
round_k,0,1,3,7,15
round_shots,307,206,180,150,143,77
round_queries,307,618,1260,2250,4433,4851
round_k,0,1,3,7,15,31
round_shots,337,174,278,169,164,75
round_queries,337,522,1946,2535,5084,4725
round_k,0,1,3,7,15,31
round_shots,359,230,252,284,210
round_queries,359,690,1764,4260,6510
round_k,0,1,3,7,15
round_shots,350,208,208,146,156,66
round_queries,350,624,1456,2190,4836,4158
round_k,0,1,3,7,15,31
round_shots,343,182,199,160,212
round_queries,343,546,1393,2400,6572
round_k,0,1,3,7,15
round_shots,287,203,188,157,140,75
round_queries,287,609,1316,2355,4340,4725
round_k,0,1,3,7,15,31
round_shots,312,184,205,188,182,64
round_queries,312,552,1435,2820,5642,4032
round_k,0,1,3,7,15,31
round_shots,332,194,212,154,208
round_queries,332,582,1484,2310,6448
round_k,0,1,3,7,15
round_shots,298,184,261,209,289
round_queries,298,552,1827,3135,8959
round_k,0,1,3,7,15
round_shots,320,224,227,185,215
round_queries,320,672,1589,2775,6665
round_k,0,1,3,7,15
round_shots,468,237,224,146,182,45
round_queries,468,711,1568,2190,5642,2835
round_k,0,1,3,7,15,31
round_shots,282,187,205,175,161,75
round_queries,282,561,1435,2625,4991,4725
round_k,0,1,3,7,15,31
round_shots,329,194,161,274,294
round_queries,329,582,1127,4110,9114
round_k,0,1,3,7,15
round_shots,378,208,180,189,159,79
round_queries,378,624,1260,2835,4929,4977
round_k,0,1,3,7,15,31
round_shots,272,174,228,173,212
round_queries,272,522,1596,2595,6572
round_k,0,1,3,7,15
round_shots,310,194,185,163,162,63
round_queries,310,582,1295,2445,5022,3969
round_k,0,1,3,7,15,31
round_shots,275,300,152,221,210
round_queries,275,900,1064,3315,6510
round_k,0,1,3,7,15
round_shots,340,196,155,146,140,79
round_queries,340,588,1085,2190,4340,4977
round_k,0,1,3,7,15,31
round_shots,337,267,167,146,195,45
round_queries,337,801,1169,2190,6045,2835
round_k,0,1,3,7,15,31
round_shots,285,209,164,153,215
round_queries,285,627,1148,2295,6665
round_k,0,1,3,7,15
round_shots,354,191,208,215,214
round_queries,354,573,1456,3225,6634
round_k,0,1,3,7,15
round_shots,310,176,157,209,208
round_queries,310,528,1099,3135,6448
round_k,0,1,3,7,15
round_shots,313,197,164,153,233
round_queries,313,591,1148,2295,7223
round_k,0,1,3,7,15
round_shots,272,200,152,229,194,80
round_queries,272,600,1064,3435,6014,5040
round_k,0,1,3,7,15,31
round_shots,310,182,196,313,208
round_queries,310,546,1372,4695,6448
round_k,0,1,3,7,15
round_shots,345,243,205,313,269
round_queries,345,729,1435,4695,8339
round_k,0,1,3,7,15
round_shots,379,214,158,205,164,82
round_queries,379,642,1106,3075,5084,5166
round_k,0,1,3,7,15,31
round_shots,337,265,177,176,202,33
round_queries,337,795,1239,2640,6262,2079
round_k,0,1,3,7,15,31
round_shots,336,179,205,197,259
round_queries,336,537,1435,2955,8029
round_k,0,1,3,7,15
round_shots,449,194,248,185,213
round_queries,449,582,1736,2775,6603
round_k,0,1,3,7,15
round_shots,388,223,160,144,202,60
round_queries,388,669,1120,2160,6262,3780
round_k,0,1,3,7,15,31
round_shots,328,268,189,152,140,79
round_queries,328,804,1323,2280,4340,4977
round_k,0,1,3,7,15,31
round_shots,328,174,164,226,274
round_queries,328,522,1148,3390,8494
round_k,0,1,3,7,15
round_shots,332,188,215,188,207
round_queries,332,564,1505,2820,6417
round_k,0,1,3,7,15
round_shots,416,174,177,173,226
round_queries,416,522,1239,2595,7006
round_k,0,1,3,7,15
round_shots,307,242,166,168,178,38
round_queries,307,726,1162,2520,5518,2394
round_k,0,1,3,7,15,31
round_shots,301,223,175,147,158,64
round_queries,301,669,1225,2205,4898,4032
round_k,0,1,3,7,15,31
round_shots,340,185,161,218,212
round_queries,340,555,1127,3270,6572
round_k,0,1,3,7,15
round_shots,293,179,176,163,159,73
round_queries,293,537,1232,2445,4929,4599
round_k,0,1,3,7,15,31
round_shots,280,182,158,154,146,50
round_queries,280,546,1106,2310,4526,3150
round_k,0,1,3,7,15,31
round_shots,312,197,166,224,217
round_queries,312,591,1162,3360,6727
round_k,0,1,3,7,15
round_shots,413,185,154,250,226
round_queries,413,555,1078,3750,7006
round_k,0,1,3,7,15
round_shots,385,248,194,153,188,63
round_queries,385,744,1358,2295,5828,3969
round_k,0,1,3,7,15,31
round_shots,318,185,164,157,178,66
round_queries,318,555,1148,2355,5518,4158
round_k,0,1,3,7,15,31
round_shots,313,199,195,221,159,70
round_queries,313,597,1365,3315,4929,4410
round_k,0,1,3,7,15,31
round_shots,277,206,245,192,382
round_queries,277,618,1715,2880,11842
round_k,0,1,3,7,15
round_shots,279,199,205,152,229
round_queries,279,597,1435,2280,7099
round_k,0,1,3,7,15
round_shots,359,233,245,172,171,66
round_queries,359,699,1715,2580,5301,4158
round_k,0,1,3,7,15,31
round_shots,331,231,201,253,217
round_queries,331,693,1407,3795,6727
round_k,0,1,3,7,15
round_shots,321,174,191,222,182,78
round_queries,321,522,1337,3330,5642,4914
round_k,0,1,3,7,15,31
round_shots,282,227,241,147,221
round_queries,282,681,1687,2205,6851
round_k,0,1,3,7,15
round_shots,274,206,161,181,214
round_queries,274,618,1127,2715,6634
round_k,0,1,3,7,15
round_shots,313,221,163,160,208
round_queries,313,663,1141,2400,6448
round_k,0,1,3,7,15
round_shots,393,200,231,354,250
round_queries,393,600,1617,5310,7750
round_k,0,1,3,7,15
round_shots,321,237,161,163,243
round_queries,321,711,1127,2445,7533
round_k,0,1,3,7,15
round_shots,301,174,179,182,158,81
round_queries,301,522,1253,2730,4898,5103
round_k,0,1,3,7,15,31
round_shots,348,174,211,152,184,64
round_queries,348,522,1477,2280,5704,4032
round_k,0,1,3,7,15,31
round_shots,351,209,177,169,214
round_queries,351,627,1239,2535,6634
round_k,0,1,3,7,15
round_shots,296,214,167,198,156,60
round_queries,296,642,1169,2970,4836,3780
round_k,0,1,3,7,15,31
round_shots,291,306,221,463,262
round_queries,291,918,1547,6945,8122
round_k,0,1,3,7,15
round_shots,351,200,207,191,226
round_queries,351,600,1449,2865,7006
round_k,0,1,3,7,15
round_shots,317,208,244,293,252
round_queries,317,624,1708,4395,7812
round_k,0,1,3,7,15
round_shots,340,197,169,169,208
round_queries,340,591,1183,2535,6448
round_k,0,1,3,7,15
round_shots,285,194,271,182,229
round_queries,285,582,1897,2730,7099
round_k,0,1,3,7,15
round_shots,342,268,177,159,221
round_queries,342,804,1239,2385,6851
round_k,0,1,3,7,15
round_shots,337,200,252,325,212
round_queries,337,600,1764,4875,6572
round_k,0,1,3,7,15
round_shots,321,188,183,166,207
round_queries,321,564,1281,2490,6417
round_k,0,1,3,7,15
round_shots,396,188,176,207,215
round_queries,396,564,1232,3105,6665
round_k,0,1,3,7,15
round_shots,272,212,191,184,185,48
round_queries,272,636,1337,2760,5735,3024
round_k,0,1,3,7,15,31
round_shots,332,258,158,209,182,48
round_queries,332,774,1106,3135,5642,3024
round_k,0,1,3,7,15,31
round_shots,309,223,183,144,171,47
round_queries,309,669,1281,2160,5301,2961
round_k,0,1,3,7,15,31
round_shots,290,194,160,238,205
round_queries,290,582,1120,3570,6355
round_k,0,1,3,7,15
round_shots,359,221,170,202,171,77
round_queries,359,663,1190,3030,5301,4851
round_k,0,1,3,7,15,31
round_shots,285,197,191,144,207
round_queries,285,591,1337,2160,6417
round_k,0,1,3,7,15
round_shots,467,256,173,181,156,57
round_queries,467,768,1211,2715,4836,3591
round_k,0,1,3,7,15,31
round_shots,301,223,154,157,140,75
round_queries,301,669,1078,2355,4340,4725
round_k,0,1,3,7,15,31
round_shots,325,240,198,194,210
round_queries,325,720,1386,2910,6510
round_k,0,1,3,7,15
round_shots,321,174,261,333,252
round_queries,321,522,1827,4995,7812
round_k,0,1,3,7,15
round_shots,272,187,215,147,150,64
round_queries,272,561,1505,2205,4650,4032
round_k,0,1,3,7,15,31
round_shots,272,194,283,144,150,78
round_queries,272,582,1981,2160,4650,4914
round_k,0,1,3,7,15,31
round_shots,275,243,164,202,208
round_queries,275,729,1148,3030,6448
round_k,0,1,3,7,15
round_shots,351,233,186,253,287
round_queries,351,699,1302,3795,8897
round_k,0,1,3,7,15
round_shots,482,179,154,348,226
round_queries,482,537,1078,5220,7006
round_k,0,1,3,7,15
round_shots,353,174,170,186,162,75
round_queries,353,522,1190,2790,5022,4725
round_k,0,1,3,7,15,31
round_shots,362,174,152,186,162,45
round_queries,362,522,1064,2790,5022,2835
round_k,0,1,3,7,15,31
round_shots,402,174,160,144,152,76
round_queries,402,522,1120,2160,4712,4788
round_k,0,1,3,7,15,31
round_shots,296,178,177,226,225
round_queries,296,534,1239,3390,6975
round_k,0,1,3,7,15
round_shots,285,237,199,243,237
round_queries,285,711,1393,3645,7347
round_k,0,1,3,7,15
round_shots,272,185,175,253,213
round_queries,272,555,1225,3795,6603
round_k,0,1,3,7,15
round_shots,306,176,180,287,268
round_queries,306,528,1260,4305,8308
round_k,0,1,3,7,15
round_shots,318,230,154,165,208
round_queries,318,690,1078,2475,6448
round_k,0,1,3,7,15
round_shots,332,197,160,159,168,70
round_queries,332,591,1120,2385,5208,4410
round_k,0,1,3,7,15,31
round_shots,350,317,194,212,217
round_queries,350,951,1358,3180,6727
round_k,0,1,3,7,15
round_shots,283,227,173,208,226
round_queries,283,681,1211,3120,7006
round_k,0,1,3,7,15
round_shots,288,187,186,175,142,75
round_queries,288,561,1302,2625,4402,4725
round_k,0,1,3,7,15,31
round_shots,302,251,205,362,299
round_queries,302,753,1435,5430,9269
round_k,0,1,3,7,15
round_shots,378,206,198,208,286
round_queries,378,618,1386,3120,8866
round_k,0,1,3,7,15
round_shots,272,181,167,166,191,48
round_queries,272,543,1169,2490,5921,3024
round_k,0,1,3,7,15,31
round_shots,309,182,205,264,172,45
round_queries,309,546,1435,3960,5332,2835
round_k,0,1,3,7,15,31
round_shots,346,187,155,202,208
round_queries,346,561,1085,3030,6448
round_k,0,1,3,7,15
round_shots,337,208,164,154,213
round_queries,337,624,1148,2310,6603
round_k,0,1,3,7,15
round_shots,310,218,176,157,145,79
round_queries,310,654,1232,2355,4495,4977
round_k,0,1,3,7,15,31
round_shots,275,212,152,178,198,40
round_queries,275,636,1064,2670,6138,2520
round_k,0,1,3,7,15,31
round_shots,277,218,196,160,162,53
round_queries,277,654,1372,2400,5022,3339
round_k,0,1,3,7,15,31
round_shots,272,203,170,253,274
round_queries,272,609,1190,3795,8494
round_k,0,1,3,7,15
round_shots,283,178,164,186,192,37
round_queries,283,534,1148,2790,5952,2331
round_k,0,1,3,7,15,31
round_shots,379,227,195,182,162,70
round_queries,379,681,1365,2730,5022,4410
round_k,0,1,3,7,15,31
round_shots,279,199,161,202,182,75
round_queries,279,597,1127,3030,5642,4725
round_k,0,1,3,7,15,31
round_shots,279,182,152,218,143,67
round_queries,279,546,1064,3270,4433,4221
round_k,0,1,3,7,15,31
round_shots,378,209,169,163,155,72
round_queries,378,627,1183,2445,4805,4536
round_k,0,1,3,7,15,31
round_shots,332,187,180,195,207
round_queries,332,561,1260,2925,6417
round_k,0,1,3,7,15
round_shots,313,290,175,159,194,78
round_queries,313,870,1225,2385,6014,4914
round_k,0,1,3,7,15,31
round_shots,304,227,183,152,205
round_queries,304,681,1281,2280,6355
round_k,0,1,3,7,15
round_shots,402,205,179,226,202,78
round_queries,402,615,1253,3390,6262,4914
round_k,0,1,3,7,15,31
round_shots,329,211,172,144,140,80
round_queries,329,633,1204,2160,4340,5040
round_k,0,1,3,7,15,31
round_shots,285,176,199,149,149,78
round_queries,285,528,1393,2235,4619,4914
round_k,0,1,3,7,15,31
round_shots,343,236,201,207,195,73
round_queries,343,708,1407,3105,6045,4599
round_k,0,1,3,7,15,31
round_shots,346,178,157,248,237
round_queries,346,534,1099,3720,7347
round_k,0,1,3,7,15
round_shots,323,182,164,179,219
round_queries,323,546,1148,2685,6789
round_k,0,1,3,7,15
round_shots,306,182,255,322,242
round_queries,306,546,1785,4830,7502
round_k,0,1,3,7,15
round_shots,296,217,172,163,143,75
round_queries,296,651,1204,2445,4433,4725
round_k,0,1,3,7,15,31
round_shots,280,223,186,231,227
round_queries,280,669,1302,3465,7037
round_k,0,1,3,7,15
round_shots,304,193,177,169,231
round_queries,304,579,1239,2535,7161
round_k,0,1,3,7,15
round_shots,317,226,169,169,150,52
round_queries,317,678,1183,2535,4650,3276
round_k,0,1,3,7,15,31
round_shots,353,214,161,144,207
round_queries,353,642,1127,2160,6417
round_k,0,1,3,7,15
round_shots,350,191,167,165,145,75
round_queries,350,573,1169,2475,4495,4725
round_k,0,1,3,7,15,31
round_shots,287,194,172,182,226
round_queries,287,582,1204,2730,7006
round_k,0,1,3,7,15
round_shots,361,197,198,307,214
round_queries,361,591,1386,4605,6634
round_k,0,1,3,7,15
round_shots,326,178,198,173,212
round_queries,326,534,1386,2595,6572
round_k,0,1,3,7,15
round_shots,340,200,201,202,226
round_queries,340,600,1407,3030,7006
round_k,0,1,3,7,15
round_shots,280,176,186,195,228
round_queries,280,528,1302,2925,7068
round_k,0,1,3,7,15
round_shots,326,200,157,150,214
round_queries,326,600,1099,2250,6634
round_k,0,1,3,7,15
round_shots,387,229,155,222,217
round_queries,387,687,1085,3330,6727
round_k,0,1,3,7,15
round_shots,275,248,186,239,237
round_queries,275,744,1302,3585,7347
round_k,0,1,3,7,15
round_shots,294,178,212,159,208
round_queries,294,534,1484,2385,6448
round_k,0,1,3,7,15
round_shots,393,187,217,188,140,76
round_queries,393,561,1519,2820,4340,4788
round_k,0,1,3,7,15,31
round_shots,302,174,192,256,226
round_queries,302,522,1344,3840,7006
round_k,0,1,3,7,15
round_shots,288,209,173,166,194,45
round_queries,288,627,1211,2490,6014,2835
round_k,0,1,3,7,15,31
round_shots,351,212,283,166,221
round_queries,351,636,1981,2490,6851
round_k,0,1,3,7,15
round_shots,280,196,251,172,226
round_queries,280,588,1757,2580,7006
round_k,0,1,3,7,15
round_shots,291,174,176,175,150,75
round_queries,291,522,1232,2625,4650,4725
round_k,0,1,3,7,15,31
round_shots,376,174,182,147,232
round_queries,376,522,1274,2205,7192
round_k,0,1,3,7,15
round_shots,294,174,191,186,171,70
round_queries,294,522,1337,2790,5301,4410
round_k,0,1,3,7,15,31
round_shots,511,197,152,173,149,72
round_queries,511,591,1064,2595,4619,4536
round_k,0,1,3,7,15,31
round_shots,326,256,161,303,214
round_queries,326,768,1127,4545,6634
round_k,0,1,3,7,15
round_shots,290,262,230,147,143,75
round_queries,290,786,1610,2205,4433,4725
round_k,0,1,3,7,15,31
round_shots,288,187,186,153,217
round_queries,288,561,1302,2295,6727
round_k,0,1,3,7,15
round_shots,318,200,218,249,245
round_queries,318,600,1526,3735,7595
round_k,0,1,3,7,15
round_shots,442,174,211,160,214
round_queries,442,522,1477,2400,6634
round_k,0,1,3,7,15
round_shots,340,214,188,232,239
round_queries,340,642,1316,3480,7409
round_k,0,1,3,7,15
round_shots,312,199,157,214,228
round_queries,312,597,1099,3210,7068
round_k,0,1,3,7,15
round_shots,325,237,170,202,210
round_queries,325,711,1190,3030,6510
round_k,0,1,3,7,15
round_shots,337,197,205,219,210
round_queries,337,591,1435,3285,6510
round_k,0,1,3,7,15
round_shots,272,212,158,199,140,61
round_queries,272,636,1106,2985,4340,3843
round_k,0,1,3,7,15,31
round_shots,291,190,172,182,152,67
round_queries,291,570,1204,2730,4712,4221
round_k,0,1,3,7,15,31
round_shots,334,227,155,173,246
round_queries,334,681,1085,2595,7626
round_k,0,1,3,7,15
round_shots,323,179,161,219,217
round_queries,323,537,1127,3285,6727
round_k,0,1,3,7,15
round_shots,323,188,175,310,236
round_queries,323,564,1225,4650,7316
round_k,0,1,3,7,15
round_shots,280,214,155,147,143,63
round_queries,280,642,1085,2205,4433,3969
round_k,0,1,3,7,15,31
round_shots,299,218,228,176,159,38
round_queries,299,654,1596,2640,4929,2394
round_k,0,1,3,7,15,31
round_shots,331,200,176,282,206
round_queries,331,600,1232,4230,6386
round_k,0,1,3,7,15
round_shots,275,182,234,226,167,72
round_queries,275,546,1638,3390,5177,4536
round_k,0,1,3,7,15,31
round_shots,362,237,175,146,241
round_queries,362,711,1225,2190,7471
round_k,0,1,3,7,15
round_shots,274,287,286,292,251
round_queries,274,861,2002,4380,7781
round_k,0,1,3,7,15
round_shots,462,193,214,285,231
round_queries,462,579,1498,4275,7161
round_k,0,1,3,7,15
round_shots,290,259,173,232,210
round_queries,290,777,1211,3480,6510
round_k,0,1,3,7,15
round_shots,291,262,163,182,208
round_queries,291,786,1141,2730,6448
round_k,0,1,3,7,15
round_shots,287,174,269,149,182,73
round_queries,287,522,1883,2235,5642,4599
round_k,0,1,3,7,15,31
round_shots,326,209,161,157,221
round_queries,326,627,1127,2355,6851
round_k,0,1,3,7,15
round_shots,290,221,221,160,207
round_queries,290,663,1547,2400,6417
round_k,0,1,3,7,15
round_shots,328,227,265,189,148,50
round_queries,328,681,1855,2835,4588,3150
round_k,0,1,3,7,15,31
round_shots,296,258,175,199,149,35
round_queries,296,774,1225,2985,4619,2205
round_k,0,1,3,7,15,31
round_shots,331,262,158,195,185,29
round_queries,331,786,1106,2925,5735,1827
round_k,0,1,3,7,15,31
round_shots,357,182,164,182,214
round_queries,357,546,1148,2730,6634
round_k,0,1,3,7,15
round_shots,277,214,169,165,238
round_queries,277,642,1183,2475,7378
round_k,0,1,3,7,15
round_shots,272,314,202,172,217
round_queries,272,942,1414,2580,6727
round_k,0,1,3,7,15
round_shots,309,214,152,266,219
round_queries,309,642,1064,3990,6789
round_k,0,1,3,7,15
round_shots,365,237,172,266,215
round_queries,365,711,1204,3990,6665
round_k,0,1,3,7,15
round_shots,301,203,215,146,182,75
round_queries,301,609,1505,2190,5642,4725
round_k,0,1,3,7,15,31
round_shots,456,209,163,204,212
round_queries,456,627,1141,3060,6572
round_k,0,1,3,7,15
round_shots,288,187,176,147,161,47
round_queries,288,561,1232,2205,4991,2961
round_k,0,1,3,7,15,31
round_shots,310,261,205,154,192,47
round_queries,310,783,1435,2310,5952,2961
round_k,0,1,3,7,15,31
round_shots,290,176,182,173,188,64
round_queries,290,528,1274,2595,5828,4032
round_k,0,1,3,7,15,31
round_shots,426,187,172,189,162,76
round_queries,426,561,1204,2835,5022,4788
round_k,0,1,3,7,15,31
round_shots,402,185,207,175,210
round_queries,402,555,1449,2625,6510
round_k,0,1,3,7,15
round_shots,272,179,220,146,155,78
round_queries,272,537,1540,2190,4805,4914
round_k,0,1,3,7,15,31
round_shots,279,200,189,160,289
round_queries,279,600,1323,2400,8959
round_k,0,1,3,7,15
round_shots,302,254,152,173,171,67
round_queries,302,762,1064,2595,5301,4221
round_k,0,1,3,7,15,31
round_shots,306,212,182,243,228
round_queries,306,636,1274,3645,7068
round_k,0,1,3,7,15
round_shots,298,217,173,149,150,75
round_queries,298,651,1211,2235,4650,4725
round_k,0,1,3,7,15,31
round_shots,304,256,214,228,220
round_queries,304,768,1498,3420,6820
round_k,0,1,3,7,15
round_shots,348,184,173,267,262
round_queries,348,552,1211,4005,8122
round_k,0,1,3,7,15
round_shots,364,234,155,292,243
round_queries,364,702,1085,4380,7533
round_k,0,1,3,7,15
round_shots,293,239,164,257,244
round_queries,293,717,1148,3855,7564
round_k,0,1,3,7,15
round_shots,312,284,199,337,228
round_queries,312,852,1393,5055,7068
round_k,0,1,3,7,15
round_shots,307,206,158,599,328
round_queries,307,618,1106,8985,10168
round_k,0,1,3,7,15
round_shots,275,179,182,171,152,63
round_queries,275,537,1274,2565,4712,3969
round_k,0,1,3,7,15,31
round_shots,348,217,152,263,255
round_queries,348,651,1064,3945,7905
round_k,0,1,3,7,15
round_shots,272,224,177,169,212
round_queries,272,672,1239,2535,6572
round_k,0,1,3,7,15
round_shots,285,209,155,150,149,75
round_queries,285,627,1085,2250,4619,4725
round_k,0,1,3,7,15,31
round_shots,345,206,183,326,217
round_queries,345,618,1281,4890,6727
round_k,0,1,3,7,15
round_shots,290,194,152,199,221
round_queries,290,582,1064,2985,6851
round_k,0,1,3,7,15
round_shots,288,214,155,232,217
round_queries,288,642,1085,3480,6727
round_k,0,1,3,7,15
round_shots,310,202,175,153,143,73
round_queries,310,606,1225,2295,4433,4599
round_k,0,1,3,7,15,31
round_shots,371,200,155,189,155,76
round_queries,371,600,1085,2835,4805,4788
round_k,0,1,3,7,15,31
round_shots,317,226,152,144,214
round_queries,317,678,1064,2160,6634
round_k,0,1,3,7,15
round_shots,442,194,160,176,181,79
round_queries,442,582,1120,2640,5611,4977
round_k,0,1,3,7,15,31
round_shots,291,174,199,157,212
round_queries,291,522,1393,2355,6572
round_k,0,1,3,7,15
round_shots,404,209,192,168,221
round_queries,404,627,1344,2520,6851
round_k,0,1,3,7,15
round_shots,288,203,157,175,162,76
round_queries,288,609,1099,2625,5022,4788
round_k,0,1,3,7,15,31
round_shots,342,215,244,212,215
round_queries,342,645,1708,3180,6665
round_k,0,1,3,7,15
round_shots,272,190,152,263,235
round_queries,272,570,1064,3945,7285
round_k,0,1,3,7,15
round_shots,318,174,176,179,215
round_queries,318,522,1232,2685,6665
round_k,0,1,3,7,15
round_shots,275,208,211,321,210
round_queries,275,624,1477,4815,6510
round_k,0,1,3,7,15
round_shots,334,230,191,282,212
round_queries,334,690,1337,4230,6572
round_k,0,1,3,7,15
round_shots,384,174,255,195,208
round_queries,384,522,1785,2925,6448
round_k,0,1,3,7,15
round_shots,334,215,205,144,182,57
round_queries,334,645,1435,2160,5642,3591
round_k,0,1,3,7,15,31
round_shots,302,202,163,144,150,63
round_queries,302,606,1141,2160,4650,3969
round_k,0,1,3,7,15,31
round_shots,315,205,176,433,280
round_queries,315,615,1232,6495,8680
round_k,0,1,3,7,15
round_shots,274,246,172,274,222
round_queries,274,738,1204,4110,6882
round_k,0,1,3,7,15
round_shots,279,174,167,250,251
round_queries,279,522,1169,3750,7781
round_k,0,1,3,7,15
round_shots,275,181,164,144,212
round_queries,275,543,1148,2160,6572
round_k,0,1,3,7,15
round_shots,288,273,185,186,153,70
round_queries,288,819,1295,2790,4743,4410
round_k,0,1,3,7,15,31
round_shots,301,176,218,260,255
round_queries,301,528,1526,3900,7905
round_k,0,1,3,7,15
round_shots,339,220,167,359,391
round_queries,339,660,1169,5385,12121
round_k,0,1,3,7,15
round_shots,318,252,211,191,205
round_queries,318,756,1477,2865,6355
round_k,0,1,3,7,15
round_shots,275,174,169,163,191,70
round_queries,275,522,1183,2445,5921,4410
round_k,0,1,3,7,15,31
round_shots,272,270,158,146,182,55
round_queries,272,810,1106,2190,5642,3465
round_k,0,1,3,7,15,31
round_shots,317,191,180,175,212
round_queries,317,573,1260,2625,6572
round_k,0,1,3,7,15
round_shots,294,188,237,239,214
round_queries,294,564,1659,3585,6634
round_k,0,1,3,7,15
round_shots,365,181,173,163,153,63
round_queries,365,543,1211,2445,4743,3969
round_k,0,1,3,7,15,31
round_shots,409,176,245,178,155,76
round_queries,409,528,1715,2670,4805,4788
round_k,0,1,3,7,15,31
round_shots,291,178,180,160,167,76
round_queries,291,534,1260,2400,5177,4788
round_k,0,1,3,7,15,31
round_shots,304,214,164,304,280
round_queries,304,642,1148,4560,8680
round_k,0,1,3,7,15
round_shots,390,230,177,195,226
round_queries,390,690,1239,2925,7006
round_k,0,1,3,7,15
round_shots,387,181,248,186,217
round_queries,387,543,1736,2790,6727
round_k,0,1,3,7,15
round_shots,296,174,215,149,164,75
round_queries,296,522,1505,2235,5084,4725
round_k,0,1,3,7,15,31
round_shots,321,208,164,239,225
round_queries,321,624,1148,3585,6975
round_k,0,1,3,7,15
round_shots,470,179,188,159,188,37
round_queries,470,537,1316,2385,5828,2331
round_k,0,1,3,7,15,31
round_shots,332,240,258,171,233
round_queries,332,720,1806,2565,7223
round_k,0,1,3,7,15
round_shots,283,193,176,157,165,75
round_queries,283,579,1232,2355,5115,4725
round_k,0,1,3,7,15,31
round_shots,312,187,158,262,234
round_queries,312,561,1106,3930,7254
round_k,0,1,3,7,15
round_shots,302,206,212,144,153,66
round_queries,302,618,1484,2160,4743,4158
round_k,0,1,3,7,15,31
round_shots,288,220,175,165,214
round_queries,288,660,1225,2475,6634
round_k,0,1,3,7,15
round_shots,318,221,163,154,149,77
round_queries,318,663,1141,2310,4619,4851
round_k,0,1,3,7,15,31
round_shots,318,226,158,222,306
round_queries,318,678,1106,3330,9486
round_k,0,1,3,7,15
round_shots,272,217,225,147,224
round_queries,272,651,1575,2205,6944
round_k,0,1,3,7,15
round_shots,302,231,158,144,174,58
round_queries,302,693,1106,2160,5394,3654
round_k,0,1,3,7,15,31
round_shots,359,174,173,168,215
round_queries,359,522,1211,2520,6665
round_k,0,1,3,7,15
round_shots,332,233,177,388,270
round_queries,332,699,1239,5820,8370
round_k,0,1,3,7,15
round_shots,274,188,230,274,250
round_queries,274,564,1610,4110,7750
round_k,0,1,3,7,15
round_shots,442,194,195,153,152,50
round_queries,442,582,1365,2295,4712,3150
round_k,0,1,3,7,15,31
round_shots,293,206,155,163,158,50
round_queries,293,618,1085,2445,4898,3150
round_k,0,1,3,7,15,31
round_shots,381,242,175,149,161,78
round_queries,381,726,1225,2235,4991,4914
round_k,0,1,3,7,15,31
round_shots,312,268,225,147,146,53
round_queries,312,804,1575,2205,4526,3339
round_k,0,1,3,7,15,31
round_shots,283,265,234,274,251
round_queries,283,795,1638,4110,7781
round_k,0,1,3,7,15
round_shots,315,212,161,186,174,64
round_queries,315,636,1127,2790,5394,4032
round_k,0,1,3,7,15,31
round_shots,285,194,180,235,247
round_queries,285,582,1260,3525,7657
round_k,0,1,3,7,15
round_shots,323,196,167,195,214
round_queries,323,588,1169,2925,6634
round_k,0,1,3,7,15
round_shots,275,220,157,144,171,76
round_queries,275,660,1099,2160,5301,4788
round_k,0,1,3,7,15,31
round_shots,312,185,238,280,244
round_queries,312,555,1666,4200,7564
round_k,0,1,3,7,15
round_shots,272,174,183,144,168,76
round_queries,272,522,1281,2160,5208,4788
round_k,0,1,3,7,15,31
round_shots,290,234,296,218,221
round_queries,290,702,2072,3270,6851
round_k,0,1,3,7,15
round_shots,275,190,154,178,149,61
round_queries,275,570,1078,2670,4619,3843
round_k,0,1,3,7,15,31
round_shots,315,188,169,224,225
round_queries,315,564,1183,3360,6975
round_k,0,1,3,7,15
round_shots,323,203,177,149,184,76
round_queries,323,609,1239,2235,5704,4788
round_k,0,1,3,7,15,31
round_shots,317,193,157,186,208
round_queries,317,579,1099,2790,6448
round_k,0,1,3,7,15
round_shots,296,236,189,224,210
round_queries,296,708,1323,3360,6510
round_k,0,1,3,7,15
round_shots,282,264,176,270,208
round_queries,282,792,1232,4050,6448
round_k,0,1,3,7,15
round_shots,336,188,202,157,169,64
round_queries,336,564,1414,2355,5239,4032
round_k,0,1,3,7,15,31
round_shots,323,176,222,162,222
round_queries,323,528,1554,2430,6882
round_k,0,1,3,7,15
round_shots,340,191,202,197,234
round_queries,340,573,1414,2955,7254
round_k,0,1,3,7,15
round_shots,299,284,154,157,175,76
round_queries,299,852,1078,2355,5425,4788
round_k,0,1,3,7,15,31
round_shots,346,223,160,268,220
round_queries,346,669,1120,4020,6820
round_k,0,1,3,7,15
round_shots,290,230,175,175,210
round_queries,290,690,1225,2625,6510
round_k,0,1,3,7,15
round_shots,340,187,196,165,156,77
round_queries,340,561,1372,2475,4836,4851
round_k,0,1,3,7,15,31
round_shots,301,203,183,255,152,61
round_queries,301,609,1281,3825,4712,3843
round_k,0,1,3,7,15,31
round_shots,287,193,182,146,140,37
round_queries,287,579,1274,2190,4340,2331
round_k,0,1,3,7,15,31
round_shots,272,191,198,149,226
round_queries,272,573,1386,2235,7006
round_k,0,1,3,7,15
round_shots,361,212,186,185,208
round_queries,361,636,1302,2775,6448
round_k,0,1,3,7,15
round_shots,288,240,179,157,210
round_queries,288,720,1253,2355,6510
round_k,0,1,3,7,15
round_shots,407,196,167,144,225
round_queries,407,588,1169,2160,6975
round_k,0,1,3,7,15
round_shots,351,223,172,215,171,77
round_queries,351,669,1204,3225,5301,4851
round_k,0,1,3,7,15,31
round_shots,452,200,215,192,220
round_queries,452,600,1505,2880,6820
round_k,0,1,3,7,15
round_shots,294,182,189,186,207
round_queries,294,546,1323,2790,6417
round_k,0,1,3,7,15
round_shots,345,259,164,182,200,53
round_queries,345,777,1148,2730,6200,3339
round_k,0,1,3,7,15,31
round_shots,312,174,155,252,217
round_queries,312,522,1085,3780,6727
round_k,0,1,3,7,15
round_shots,318,190,182,179,190,75
round_queries,318,570,1274,2685,5890,4725
round_k,0,1,3,7,15,31
round_shots,395,259,164,159,188,75
round_queries,395,777,1148,2385,5828,4725
round_k,0,1,3,7,15,31
round_shots,298,237,192,199,167,48
round_queries,298,711,1344,2985,5177,3024
round_k,0,1,3,7,15,31
round_shots,275,174,175,182,192,73
round_queries,275,522,1225,2730,5952,4599
round_k,0,1,3,7,15,31
round_shots,393,202,155,172,171,76
round_queries,393,606,1085,2580,5301,4788
round_k,0,1,3,7,15,31
round_shots,450,182,185,212,202,57
round_queries,450,546,1295,3180,6262,3591
round_k,0,1,3,7,15,31
round_shots,365,218,248,201,191,75
round_queries,365,654,1736,3015,5921,4725
round_k,0,1,3,7,15,31
round_shots,309,181,154,157,156,63
round_queries,309,543,1078,2355,4836,3969
round_k,0,1,3,7,15,31
round_shots,287,174,210,171,215
round_queries,287,522,1470,2565,6665
round_k,0,1,3,7,15
round_shots,287,270,186,212,207
round_queries,287,810,1302,3180,6417
round_k,0,1,3,7,15
round_shots,334,190,186,166,214
round_queries,334,570,1302,2490,6634
round_k,0,1,3,7,15
round_shots,346,193,155,147,149,76
round_queries,346,579,1085,2205,4619,4788
round_k,0,1,3,7,15,31
round_shots,348,211,201,165,167,72
round_queries,348,633,1407,2475,5177,4536
round_k,0,1,3,7,15,31
round_shots,285,190,240,179,207
round_queries,285,570,1680,2685,6417
round_k,0,1,3,7,15
round_shots,287,227,211,310,259
round_queries,287,681,1477,4650,8029
round_k,0,1,3,7,15
round_shots,294,181,180,150,221
round_queries,294,543,1260,2250,6851
round_k,0,1,3,7,15
round_shots,365,203,154,262,233
round_queries,365,609,1078,3930,7223
round_k,0,1,3,7,15
round_shots,321,217,195,154,207
round_queries,321,651,1365,2310,6417
round_k,0,1,3,7,15
round_shots,325,187,163,182,208
round_queries,325,561,1141,2730,6448
round_k,0,1,3,7,15
round_shots,291,224,157,147,217
round_queries,291,672,1099,2205,6727
round_k,0,1,3,7,15
round_shots,294,181,154,192,148,75
round_queries,294,543,1078,2880,4588,4725
round_k,0,1,3,7,15,31
round_shots,288,243,163,153,191,52
round_queries,288,729,1141,2295,5921,3276
round_k,0,1,3,7,15,31
round_shots,274,200,180,171,228
round_queries,274,600,1260,2565,7068
round_k,0,1,3,7,15
round_shots,337,226,155,341,244
round_queries,337,678,1085,5115,7564
round_k,0,1,3,7,15
round_shots,354,221,189,150,143,80
round_queries,354,663,1323,2250,4433,5040
round_k,0,1,3,7,15,31
round_shots,419,196,164,249,213
round_queries,419,588,1148,3735,6603
round_k,0,1,3,7,15
round_shots,332,215,172,159,208
round_queries,332,645,1204,2385,6448
round_k,0,1,3,7,15
round_shots,329,206,179,229,202,48
round_queries,329,618,1253,3435,6262,3024
round_k,0,1,3,7,15,31
round_shots,364,205,211,252,218
round_queries,364,615,1477,3780,6758
round_k,0,1,3,7,15
round_shots,395,176,198,184,266
round_queries,395,528,1386,2760,8246
round_k,0,1,3,7,15
round_shots,325,206,227,233,207
round_queries,325,618,1589,3495,6417
round_k,0,1,3,7,15
round_shots,388,174,278,182,175,79
round_queries,388,522,1946,2730,5425,4977
round_k,0,1,3,7,15,31
round_shots,404,236,160,171,209
round_queries,404,708,1120,2565,6479
round_k,0,1,3,7,15
round_shots,321,349,157,169,236
round_queries,321,1047,1099,2535,7316
round_k,0,1,3,7,15
round_shots,371,191,265,249,230
round_queries,371,573,1855,3735,7130
round_k,0,1,3,7,15
round_shots,287,187,177,233,212
round_queries,287,561,1239,3495,6572
round_k,0,1,3,7,15
round_shots,294,223,264,146,220
round_queries,294,669,1848,2190,6820
round_k,0,1,3,7,15
round_shots,318,265,170,211,221
round_queries,318,795,1190,3165,6851
round_k,0,1,3,7,15
round_shots,283,184,170,288,256
round_queries,283,552,1190,4320,7936
round_k,0,1,3,7,15
round_shots,279,234,188,160,161,76
round_queries,279,702,1316,2400,4991,4788
round_k,0,1,3,7,15,31
round_shots,340,174,163,212,206
round_queries,340,522,1141,3180,6386
round_k,0,1,3,7,15
round_shots,307,185,196,191,309
round_queries,307,555,1372,2865,9579
round_k,0,1,3,7,15
round_shots,365,197,205,197,169,76
round_queries,365,591,1435,2955,5239,4788
round_k,0,1,3,7,15,31
round_shots,275,200,254,163,212
round_queries,275,600,1778,2445,6572
round_k,0,1,3,7,15
round_shots,339,239,214,208,146,82
round_queries,339,717,1498,3120,4526,5166
round_k,0,1,3,7,15,31
round_shots,301,212,198,147,155,63
round_queries,301,636,1386,2205,4805,3969
round_k,0,1,3,7,15,31
round_shots,329,176,157,257,209
round_queries,329,528,1099,3855,6479
round_k,0,1,3,7,15
round_shots,279,203,212,166,205
round_queries,279,609,1484,2490,6355
round_k,0,1,3,7,15
round_shots,402,185,155,179,208
round_queries,402,555,1085,2685,6448
round_k,0,1,3,7,15
round_shots,382,293,182,171,159,75
round_queries,382,879,1274,2565,4929,4725
round_k,0,1,3,7,15,31
round_shots,277,174,170,202,220
round_queries,277,522,1190,3030,6820
round_k,0,1,3,7,15
round_shots,306,230,164,146,213
round_queries,306,690,1148,2190,6603
round_k,0,1,3,7,15
round_shots,356,197,195,181,211
round_queries,356,591,1365,2715,6541
round_k,0,1,3,7,15
round_shots,279,256,167,209,262
round_queries,279,768,1169,3135,8122
round_k,0,1,3,7,15
round_shots,302,179,166,153,145,67
round_queries,302,537,1162,2295,4495,4221
round_k,0,1,3,7,15,31
round_shots,288,206,199,152,150,64
round_queries,288,618,1393,2280,4650,4032
round_k,0,1,3,7,15,31
round_shots,418,275,199,175,168,75
round_queries,418,825,1393,2625,5208,4725
round_k,0,1,3,7,15,31
round_shots,325,212,222,243,221
round_queries,325,636,1554,3645,6851
round_k,0,1,3,7,15
round_shots,315,194,155,212,146,69
round_queries,315,582,1085,3180,4526,4347
round_k,0,1,3,7,15,31
round_shots,357,194,210,182,209
round_queries,357,582,1470,2730,6479
round_k,0,1,3,7,15
round_shots,318,224,185,178,150,45
round_queries,318,672,1295,2670,4650,2835
round_k,0,1,3,7,15,31
round_shots,272,208,152,157,143,75
round_queries,272,624,1064,2355,4433,4725
round_k,0,1,3,7,15,31
round_shots,282,185,166,147,152,48
round_queries,282,555,1162,2205,4712,3024
round_k,0,1,3,7,15,31
round_shots,299,330,231,195,233
round_queries,299,990,1617,2925,7223
round_k,0,1,3,7,15
round_shots,280,203,161,168,140,76
round_queries,280,609,1127,2520,4340,4788
round_k,0,1,3,7,15,31
round_shots,315,214,154,219,143,76
round_queries,315,642,1078,3285,4433,4788
round_k,0,1,3,7,15,31
round_shots,275,176,252,222,239
round_queries,275,528,1764,3330,7409
round_k,0,1,3,7,15
round_shots,304,205,158,169,233
round_queries,304,615,1106,2535,7223
round_k,0,1,3,7,15
round_shots,332,217,195,211,142,50
round_queries,332,651,1365,3165,4402,3150
round_k,0,1,3,7,15,31
round_shots,413,185,152,152,212
round_queries,413,555,1064,2280,6572
round_k,0,1,3,7,15
round_shots,357,209,167,178,207
round_queries,357,627,1169,2670,6417
round_k,0,1,3,7,15
round_shots,321,215,172,171,207
round_queries,321,645,1204,2565,6417
round_k,0,1,3,7,15
round_shots,317,200,198,144,210
round_queries,317,600,1386,2160,6510
round_k,0,1,3,7,15
round_shots,387,227,182,165,244
round_queries,387,681,1274,2475,7564
round_k,0,1,3,7,15
round_shots,346,188,182,176,217
round_queries,346,564,1274,2640,6727
round_k,0,1,3,7,15
round_shots,421,267,164,154,208
round_queries,421,801,1148,2310,6448
round_k,0,1,3,7,15
round_shots,362,214,175,249,214
round_queries,362,642,1225,3735,6634
round_k,0,1,3,7,15
round_shots,388,184,233,163,207
round_queries,388,552,1631,2445,6417
round_k,0,1,3,7,15
round_shots,325,277,176,172,190,82
round_queries,325,831,1232,2580,5890,5166
round_k,0,1,3,7,15,31
round_shots,310,231,182,173,146,76
round_queries,310,693,1274,2595,4526,4788
round_k,0,1,3,7,15,31
round_shots,313,190,169,172,207
round_queries,313,570,1183,2580,6417
round_k,0,1,3,7,15
round_shots,313,203,255,171,241
round_queries,313,609,1785,2565,7471
round_k,0,1,3,7,15
round_shots,351,174,212,282,159,76
round_queries,351,522,1484,4230,4929,4788
round_k,0,1,3,7,15,31
round_shots,280,231,161,166,146,40
round_queries,280,693,1127,2490,4526,2520
round_k,0,1,3,7,15,31
round_shots,310,231,194,157,140,78
round_queries,310,693,1358,2355,4340,4914
round_k,0,1,3,7,15,31
round_shots,455,209,155,235,205
round_queries,455,627,1085,3525,6355
round_k,0,1,3,7,15
round_shots,290,179,160,147,226
round_queries,290,537,1120,2205,7006
round_k,0,1,3,7,15
round_shots,413,212,152,178,152,53
round_queries,413,636,1064,2670,4712,3339
round_k,0,1,3,7,15,31
round_shots,320,262,204,402,276
round_queries,320,786,1428,6030,8556
round_k,0,1,3,7,15
round_shots,302,234,204,182,210
round_queries,302,702,1428,2730,6510
round_k,0,1,3,7,15
round_shots,325,237,237,179,261
round_queries,325,711,1659,2685,8091
round_k,0,1,3,7,15
round_shots,331,221,188,166,205
round_queries,331,663,1316,2490,6355
round_k,0,1,3,7,15
round_shots,293,174,211,176,215
round_queries,293,522,1477,2640,6665
round_k,0,1,3,7,15
round_shots,279,176,207,268,226
round_queries,279,528,1449,4020,7006
round_k,0,1,3,7,15
round_shots,362,267,182,152,208
round_queries,362,801,1274,2280,6448
round_k,0,1,3,7,15
round_shots,282,174,163,147,145,75
round_queries,282,522,1141,2205,4495,4725
round_k,0,1,3,7,15,31
round_shots,321,178,183,226,182,52
round_queries,321,534,1281,3390,5642,3276
round_k,0,1,3,7,15,31
round_shots,277,196,154,176,204,52
round_queries,277,588,1078,2640,6324,3276
round_k,0,1,3,7,15,31
round_shots,357,215,283,226,247
round_queries,357,645,1981,3390,7657
round_k,0,1,3,7,15
round_shots,468,197,176,192,145,82
round_queries,468,591,1232,2880,4495,5166
round_k,0,1,3,7,15,31
round_shots,326,184,167,172,149,70
round_queries,326,552,1169,2580,4619,4410
round_k,0,1,3,7,15,31
round_shots,370,174,157,173,171,40
round_queries,370,522,1099,2595,5301,2520
round_k,0,1,3,7,15,31
round_shots,272,174,164,201,209
round_queries,272,522,1148,3015,6479
round_k,0,1,3,7,15
round_shots,283,197,191,212,146,47
round_queries,283,591,1337,3180,4526,2961
round_k,0,1,3,7,15,31
round_shots,283,211,192,154,180,64
round_queries,283,633,1344,2310,5580,4032
round_k,0,1,3,7,15,31
round_shots,337,197,188,144,212
round_queries,337,591,1316,2160,6572
round_k,0,1,3,7,15
round_shots,332,262,196,172,207
round_queries,332,786,1372,2580,6417
round_k,0,1,3,7,15
round_shots,315,221,183,208,155,78
round_queries,315,663,1281,3120,4805,4914
round_k,0,1,3,7,15,31
round_shots,283,245,176,201,188,61
round_queries,283,735,1232,3015,5828,3843
round_k,0,1,3,7,15,31
round_shots,373,182,183,201,208
round_queries,373,546,1281,3015,6448
round_k,0,1,3,7,15
round_shots,371,215,152,195,231
round_queries,371,645,1064,2925,7161
round_k,0,1,3,7,15
round_shots,301,187,224,209,244
round_queries,301,561,1568,3135,7564
round_k,0,1,3,7,15
round_shots,277,291,177,154,192,57
round_queries,277,873,1239,2310,5952,3591
round_k,0,1,3,7,15,31
round_shots,371,178,155,172,180,75
round_queries,371,534,1085,2580,5580,4725
round_k,0,1,3,7,15,31
round_shots,309,203,173,171,202,64
round_queries,309,609,1211,2565,6262,4032
round_k,0,1,3,7,15,31
round_shots,282,233,180,188,208
round_queries,282,699,1260,2820,6448
round_k,0,1,3,7,15
round_shots,296,230,201,225,205
round_queries,296,690,1407,3375,6355
round_k,0,1,3,7,15
round_shots,326,197,155,147,153,70
round_queries,326,591,1085,2205,4743,4410
round_k,0,1,3,7,15,31
round_shots,329,197,158,238,192,50
round_queries,329,591,1106,3570,5952,3150
round_k,0,1,3,7,15,31
round_shots,309,323,192,232,231
round_queries,309,969,1344,3480,7161
round_k,0,1,3,7,15
round_shots,310,255,202,173,150,78
round_queries,310,765,1414,2595,4650,4914
round_k,0,1,3,7,15,31
round_shots,373,227,202,176,153,53
round_queries,373,681,1414,2640,4743,3339
round_k,0,1,3,7,15,31
round_shots,376,185,164,157,215
round_queries,376,555,1148,2355,6665
round_k,0,1,3,7,15
round_shots,329,220,172,169,178,73
round_queries,329,660,1204,2535,5518,4599
round_k,0,1,3,7,15,31
round_shots,296,176,152,162,164,70
round_queries,296,528,1064,2430,5084,4410
round_k,0,1,3,7,15,31
round_shots,337,223,231,169,174,48
round_queries,337,669,1617,2535,5394,3024
round_k,0,1,3,7,15,31
round_shots,283,203,182,168,208
round_queries,283,609,1274,2520,6448
round_k,0,1,3,7,15
round_shots,326,188,154,156,142,75
round_queries,326,564,1078,2340,4402,4725
round_k,0,1,3,7,15,31
round_shots,298,223,188,156,202,75
round_queries,298,669,1316,2340,6262,4725
round_k,0,1,3,7,15,31
round_shots,365,182,205,169,150,78
round_queries,365,546,1435,2535,4650,4914
round_k,0,1,3,7,15,31
round_shots,351,200,221,229,185,79
round_queries,351,600,1547,3435,5735,4977
round_k,0,1,3,7,15,31
round_shots,275,259,161,146,188,79
round_queries,275,777,1127,2190,5828,4977
round_k,0,1,3,7,15,31
round_shots,331,187,157,157,178,53
round_queries,331,561,1099,2355,5518,3339
round_k,0,1,3,7,15,31
round_shots,328,174,154,163,221
round_queries,328,522,1078,2445,6851
round_k,0,1,3,7,15
round_shots,312,190,157,154,215
round_queries,312,570,1099,2310,6665
round_k,0,1,3,7,15
round_shots,468,200,176,252,223
round_queries,468,600,1232,3780,6913
round_k,0,1,3,7,15
round_shots,412,181,185,182,165,55
round_queries,412,543,1295,2730,5115,3465
round_k,0,1,3,7,15,31
round_shots,291,223,169,218,208
round_queries,291,669,1183,3270,6448
round_k,0,1,3,7,15
round_shots,287,196,224,144,149,61
round_queries,287,588,1568,2160,4619,3843
round_k,0,1,3,7,15,31
round_shots,424,223,176,144,222
round_queries,424,669,1232,2160,6882
round_k,0,1,3,7,15
round_shots,294,181,152,144,165,58
round_queries,294,543,1064,2160,5115,3654
round_k,0,1,3,7,15,31
round_shots,283,224,186,169,156,35
round_queries,283,672,1302,2535,4836,2205
round_k,0,1,3,7,15,31
round_shots,275,215,215,166,145,60
round_queries,275,645,1505,2490,4495,3780
round_k,0,1,3,7,15,31
round_shots,337,202,179,292,240
round_queries,337,606,1253,4380,7440
round_k,0,1,3,7,15
round_shots,353,178,199,201,226
round_queries,353,534,1393,3015,7006
round_k,0,1,3,7,15
round_shots,288,229,282,147,233
round_queries,288,687,1974,2205,7223
round_k,0,1,3,7,15
round_shots,317,205,221,147,148,64
round_queries,317,615,1547,2205,4588,4032
round_k,0,1,3,7,15,31
round_shots,293,203,173,152,217
round_queries,293,609,1211,2280,6727
round_k,0,1,3,7,15
round_shots,332,208,211,150,158,75
round_queries,332,624,1477,2250,4898,4725
round_k,0,1,3,7,15,31
round_shots,373,179,154,211,202,76
round_queries,373,537,1078,3165,6262,4788
round_k,0,1,3,7,15,31
round_shots,280,190,194,179,211
round_queries,280,570,1358,2685,6541
round_k,0,1,3,7,15
round_shots,313,176,182,152,188,35
round_queries,313,528,1274,2280,5828,2205
round_k,0,1,3,7,15,31
round_shots,296,197,164,394,230
round_queries,296,591,1148,5910,7130
round_k,0,1,3,7,15
round_shots,410,234,180,211,174,53
round_queries,410,702,1260,3165,5394,3339
round_k,0,1,3,7,15,31
round_shots,296,194,158,363,243
round_queries,296,582,1106,5445,7533
round_k,0,1,3,7,15
round_shots,291,274,169,157,155,48
round_queries,291,822,1183,2355,4805,3024
round_k,0,1,3,7,15,31
round_shots,304,174,189,153,266
round_queries,304,522,1323,2295,8246
round_k,0,1,3,7,15
round_shots,320,176,167,201,207
round_queries,320,528,1169,3015,6417
round_k,0,1,3,7,15
round_shots,313,246,196,208,140,60
round_queries,313,738,1372,3120,4340,3780
round_k,0,1,3,7,15,31
round_shots,282,234,172,211,207
round_queries,282,702,1204,3165,6417
round_k,0,1,3,7,15
round_shots,277,245,155,238,244
round_queries,277,735,1085,3570,7564
round_k,0,1,3,7,15
round_shots,296,178,152,278,244
round_queries,296,534,1064,4170,7564
round_k,0,1,3,7,15
round_shots,296,220,175,157,202,76
round_queries,296,660,1225,2355,6262,4788
round_k,0,1,3,7,15,31
round_shots,288,190,155,209,214
round_queries,288,570,1085,3135,6634
round_k,0,1,3,7,15
round_shots,365,239,189,152,192,48
round_queries,365,717,1323,2280,5952,3024
round_k,0,1,3,7,15,31
round_shots,280,181,194,156,149,64
round_queries,280,543,1358,2340,4619,4032
round_k,0,1,3,7,15,31
round_shots,274,264,191,250,234
round_queries,274,792,1337,3750,7254
round_k,0,1,3,7,15
round_shots,280,176,167,188,143,69
round_queries,280,528,1169,2820,4433,4347
round_k,0,1,3,7,15,31
round_shots,345,202,173,215,167,80
round_queries,345,606,1211,3225,5177,5040
round_k,0,1,3,7,15,31
round_shots,334,199,192,226,217
round_queries,334,597,1344,3390,6727
round_k,0,1,3,7,15
round_shots,301,284,204,157,149,76
round_queries,301,852,1428,2355,4619,4788
round_k,0,1,3,7,15,31
round_shots,328,181,158,178,214
round_queries,328,543,1106,2670,6634
round_k,0,1,3,7,15
round_shots,283,218,189,149,207
round_queries,283,654,1323,2235,6417
round_k,0,1,3,7,15
round_shots,371,275,202,163,172,67
round_queries,371,825,1414,2445,5332,4221
round_k,0,1,3,7,15,31
round_shots,367,176,199,152,207
round_queries,367,528,1393,2280,6417
round_k,0,1,3,7,15
round_shots,378,215,158,166,217
round_queries,378,645,1106,2490,6727
round_k,0,1,3,7,15
round_shots,299,212,155,154,168,43
round_queries,299,636,1085,2310,5208,2709
round_k,0,1,3,7,15,31
round_shots,371,185,154,176,169,43
round_queries,371,555,1078,2640,5239,2709
round_k,0,1,3,7,15,31
round_shots,336,191,175,184,178,67
round_queries,336,573,1225,2760,5518,4221
round_k,0,1,3,7,15,31
round_shots,304,251,179,166,175,78
round_queries,304,753,1253,2490,5425,4914
round_k,0,1,3,7,15,31
round_shots,373,212,194,224,208
round_queries,373,636,1358,3360,6448
round_k,0,1,3,7,15
round_shots,376,197,166,209,159,72
round_queries,376,591,1162,3135,4929,4536
round_k,0,1,3,7,15,31
round_shots,328,211,155,150,149,58
round_queries,328,633,1085,2250,4619,3654
round_k,0,1,3,7,15,31
round_shots,371,200,217,154,184,75
round_queries,371,600,1519,2310,5704,4725
round_k,0,1,3,7,15,31
round_shots,272,174,152,146,192,81
round_queries,272,522,1064,2190,5952,5103
round_k,0,1,3,7,15,31
round_shots,390,212,158,146,192,75
round_queries,390,636,1106,2190,5952,4725
round_k,0,1,3,7,15,31
round_shots,315,200,179,192,254
round_queries,315,600,1253,2880,7874
round_k,0,1,3,7,15
round_shots,294,179,199,147,195,63
round_queries,294,537,1393,2205,6045,3969
round_k,0,1,3,7,15,31
round_shots,337,251,210,144,159,75
round_queries,337,753,1470,2160,4929,4725
round_k,0,1,3,7,15,31
round_shots,304,209,247,199,198,42
round_queries,304,627,1729,2985,6138,2646
round_k,0,1,3,7,15,31
round_shots,291,176,164,156,221
round_queries,291,528,1148,2340,6851
round_k,0,1,3,7,15
round_shots,293,179,169,207,182,78
round_queries,293,537,1183,3105,5642,4914
round_k,0,1,3,7,15,31
round_shots,301,270,255,266,315
round_queries,301,810,1785,3990,9765
round_k,0,1,3,7,15
round_shots,272,237,177,214,212
round_queries,272,711,1239,3210,6572
round_k,0,1,3,7,15
round_shots,301,176,169,186,207
round_queries,301,528,1183,2790,6417
round_k,0,1,3,7,15
round_shots,310,174,158,371,309
round_queries,310,522,1106,5565,9579
round_k,0,1,3,7,15
round_shots,343,223,202,144,150,50
round_queries,343,669,1414,2160,4650,3150
round_k,0,1,3,7,15,31
round_shots,370,237,161,172,210
round_queries,370,711,1127,2580,6510
round_k,0,1,3,7,15
round_shots,342,190,152,165,143,79
round_queries,342,570,1064,2475,4433,4977
round_k,0,1,3,7,15,31
round_shots,323,242,228,171,146,64
round_queries,323,726,1596,2565,4526,4032
round_k,0,1,3,7,15,31
round_shots,426,274,154,144,207
round_queries,426,822,1078,2160,6417
round_k,0,1,3,7,15
round_shots,396,202,230,189,198,77
round_queries,396,606,1610,2835,6138,4851
round_k,0,1,3,7,15,31
round_shots,343,206,176,176,221
round_queries,343,618,1232,2640,6851
round_k,0,1,3,7,15
round_shots,277,242,152,144,142,78
round_queries,277,726,1064,2160,4402,4914
round_k,0,1,3,7,15,31
round_shots,497,246,163,260,206
round_queries,497,738,1141,3900,6386
round_k,0,1,3,7,15
round_shots,323,203,211,192,218
round_queries,323,609,1477,2880,6758
round_k,0,1,3,7,15
round_shots,348,176,202,171,167,29
round_queries,348,528,1414,2565,5177,1827
round_k,0,1,3,7,15,31
round_shots,307,214,212,146,148,67
round_queries,307,642,1484,2190,4588,4221
round_k,0,1,3,7,15,31
round_shots,272,237,166,157,266
round_queries,272,711,1162,2355,8246
round_k,0,1,3,7,15
round_shots,301,206,179,156,162,75
round_queries,301,618,1253,2340,5022,4725
round_k,0,1,3,7,15,31
round_shots,301,176,179,157,214
round_queries,301,528,1253,2355,6634
round_k,0,1,3,7,15
round_shots,291,252,235,199,229
round_queries,291,756,1645,2985,7099
round_k,0,1,3,7,15
round_shots,291,182,152,163,208
round_queries,291,546,1064,2445,6448
round_k,0,1,3,7,15
round_shots,272,191,175,184,214
round_queries,272,573,1225,2760,6634
round_k,0,1,3,7,15
round_shots,398,220,163,215,146,64
round_queries,398,660,1141,3225,4526,4032
round_k,0,1,3,7,15,31
round_shots,416,233,173,154,150,52
round_queries,416,699,1211,2310,4650,3276
round_k,0,1,3,7,15,31
round_shots,293,252,160,189,209
round_queries,293,756,1120,2835,6479
round_k,0,1,3,7,15
round_shots,334,184,152,175,206
round_queries,334,552,1064,2625,6386
round_k,0,1,3,7,15
round_shots,283,230,231,176,212
round_queries,283,690,1617,2640,6572
round_k,0,1,3,7,15
round_shots,296,202,191,274,217
round_queries,296,606,1337,4110,6727
round_k,0,1,3,7,15
round_shots,313,212,230,154,221
round_queries,313,636,1610,2310,6851
round_k,0,1,3,7,15
round_shots,294,211,183,186,142,47
round_queries,294,633,1281,2790,4402,2961
round_k,0,1,3,7,15,31
round_shots,362,274,176,202,228
round_queries,362,822,1232,3030,7068
round_k,0,1,3,7,15
round_shots,334,231,173,178,140,61
round_queries,334,693,1211,2670,4340,3843
round_k,0,1,3,7,15,31
round_shots,378,188,163,153,155,69
round_queries,378,564,1141,2295,4805,4347
round_k,0,1,3,7,15,31
round_shots,318,190,173,202,145,76
round_queries,318,570,1211,3030,4495,4788
round_k,0,1,3,7,15,31
round_shots,274,191,212,194,172,52
round_queries,274,573,1484,2910,5332,3276
round_k,0,1,3,7,15,31
round_shots,280,229,157,153,140,60
round_queries,280,687,1099,2295,4340,3780
round_k,0,1,3,7,15,31
round_shots,388,234,161,156,207
round_queries,388,702,1127,2340,6417
round_k,0,1,3,7,15
round_shots,402,224,164,243,214
round_queries,402,672,1148,3645,6634
round_k,0,1,3,7,15
round_shots,299,215,155,195,212
round_queries,299,645,1085,2925,6572
round_k,0,1,3,7,15
round_shots,331,206,199,154,182,76
round_queries,331,618,1393,2310,5642,4788
round_k,0,1,3,7,15,31
round_shots,328,185,176,253,221
round_queries,328,555,1232,3795,6851
round_k,0,1,3,7,15
round_shots,288,239,222,256,269
round_queries,288,717,1554,3840,8339
round_k,0,1,3,7,15
round_shots,294,307,158,306,237
round_queries,294,921,1106,4590,7347
round_k,0,1,3,7,15
round_shots,275,196,167,171,168,72
round_queries,275,588,1169,2565,5208,4536
round_k,0,1,3,7,15,31
round_shots,283,184,158,185,222
round_queries,283,552,1106,2775,6882
round_k,0,1,3,7,15
round_shots,329,194,182,154,192,67
round_queries,329,582,1274,2310,5952,4221
round_k,0,1,3,7,15,31
round_shots,298,230,185,224,211
round_queries,298,690,1295,3360,6541
round_k,0,1,3,7,15
round_shots,293,239,192,214,217
round_queries,293,717,1344,3210,6727
round_k,0,1,3,7,15
round_shots,373,217,225,189,192,43
round_queries,373,651,1575,2835,5952,2709
round_k,0,1,3,7,15,31
round_shots,294,203,245,300,226
round_queries,294,609,1715,4500,7006
round_k,0,1,3,7,15
round_shots,381,178,154,189,190,76
round_queries,381,534,1078,2835,5890,4788
round_k,0,1,3,7,15,31
round_shots,302,194,207,162,172,75
round_queries,302,582,1449,2430,5332,4725
round_k,0,1,3,7,15,31
round_shots,325,174,175,175,168,75
round_queries,325,522,1225,2625,5208,4725
round_k,0,1,3,7,15,31
round_shots,379,215,254,270,232
round_queries,379,645,1778,4050,7192
round_k,0,1,3,7,15
round_shots,288,190,154,304,277
round_queries,288,570,1078,4560,8587
round_k,0,1,3,7,15
round_shots,304,240,152,181,207
round_queries,304,720,1064,2715,6417
round_k,0,1,3,7,15
round_shots,307,202,161,163,149,73
round_queries,307,606,1127,2445,4619,4599
round_k,0,1,3,7,15,31
round_shots,313,243,160,202,152,66
round_queries,313,729,1120,3030,4712,4158
round_k,0,1,3,7,15,31
round_shots,354,174,157,205,182,42
round_queries,354,522,1099,3075,5642,2646
round_k,0,1,3,7,15,31
round_shots,310,185,177,191,164,78
round_queries,310,555,1239,2865,5084,4914
round_k,0,1,3,7,15,31
round_shots,332,181,300,232,221
round_queries,332,543,2100,3480,6851
round_k,0,1,3,7,15
round_shots,350,174,186,169,161,64
round_queries,350,522,1302,2535,4991,4032
round_k,0,1,3,7,15,31
round_shots,291,215,195,157,212
round_queries,291,645,1365,2355,6572
round_k,0,1,3,7,15
round_shots,332,255,152,202,210
round_queries,332,765,1064,3030,6510
round_k,0,1,3,7,15
round_shots,310,197,185,169,174,75
round_queries,310,591,1295,2535,5394,4725
round_k,0,1,3,7,15,31
round_shots,280,194,164,178,153,70
round_queries,280,582,1148,2670,4743,4410
round_k,0,1,3,7,15,31
round_shots,323,174,152,181,219
round_queries,323,522,1064,2715,6789
round_k,0,1,3,7,15
round_shots,272,245,211,229,212
round_queries,272,735,1477,3435,6572
round_k,0,1,3,7,15
round_shots,329,218,175,163,217
round_queries,329,654,1225,2445,6727
round_k,0,1,3,7,15
round_shots,384,224,183,156,152,69
round_queries,384,672,1281,2340,4712,4347
round_k,0,1,3,7,15,31
round_shots,313,224,182,186,198,75
round_queries,313,672,1274,2790,6138,4725
round_k,0,1,3,7,15,31
round_shots,320,303,264,222,219
round_queries,320,909,1848,3330,6789
round_k,0,1,3,7,15
round_shots,310,185,180,192,214
round_queries,310,555,1260,2880,6634
round_k,0,1,3,7,15
round_shots,280,294,155,277,209
round_queries,280,882,1085,4155,6479
round_k,0,1,3,7,15
round_shots,342,246,152,185,140,70
round_queries,342,738,1064,2775,4340,4410
round_k,0,1,3,7,15,31
round_shots,312,184,204,175,140,66
round_queries,312,552,1428,2625,4340,4158
round_k,0,1,3,7,15,31
round_shots,353,231,173,181,208
round_queries,353,693,1211,2715,6448
round_k,0,1,3,7,15
round_shots,307,248,170,166,165,75
round_queries,307,744,1190,2490,5115,4725
round_k,0,1,3,7,15,31
round_shots,306,230,175,215,182,60
round_queries,306,690,1225,3225,5642,3780
round_k,0,1,3,7,15,31
round_shots,402,200,268,262,212
round_queries,402,600,1876,3930,6572
round_k,0,1,3,7,15
round_shots,315,174,176,168,241
round_queries,315,522,1232,2520,7471
round_k,0,1,3,7,15
round_shots,326,179,164,153,172,76
round_queries,326,537,1148,2295,5332,4788
round_k,0,1,3,7,15,31
round_shots,326,203,242,173,221
round_queries,326,609,1694,2595,6851
round_k,0,1,3,7,15
round_shots,373,174,192,149,164,75
round_queries,373,522,1344,2235,5084,4725
round_k,0,1,3,7,15,31
round_shots,320,184,202,209,182,73
round_queries,320,552,1414,3135,5642,4599
round_k,0,1,3,7,15,31
round_shots,304,211,212,188,187,47
round_queries,304,633,1484,2820,5797,2961
round_k,0,1,3,7,15,31
round_shots,332,252,196,209,222
round_queries,332,756,1372,3135,6882
round_k,0,1,3,7,15
round_shots,294,174,179,160,148,53
round_queries,294,522,1253,2400,4588,3339
round_k,0,1,3,7,15,31
round_shots,357,194,164,185,219
round_queries,357,582,1148,2775,6789
round_k,0,1,3,7,15
round_shots,439,227,157,154,190,75
round_queries,439,681,1099,2310,5890,4725
round_k,0,1,3,7,15,31
round_shots,312,193,183,197,207
round_queries,312,579,1281,2955,6417
round_k,0,1,3,7,15
round_shots,379,174,207,185,214
round_queries,379,522,1449,2775,6634
round_k,0,1,3,7,15
round_shots,272,188,202,144,217
round_queries,272,564,1414,2160,6727
round_k,0,1,3,7,15
round_shots,283,191,158,195,248
round_queries,283,573,1106,2925,7688
round_k,0,1,3,7,15
round_shots,329,215,188,219,214
round_queries,329,645,1316,3285,6634
round_k,0,1,3,7,15
round_shots,313,178,227,154,208
round_queries,313,534,1589,2310,6448
round_k,0,1,3,7,15
round_shots,371,196,177,172,187,57
round_queries,371,588,1239,2580,5797,3591
round_k,0,1,3,7,15,31
round_shots,282,191,152,147,210
round_queries,282,573,1064,2205,6510
round_k,0,1,3,7,15
round_shots,285,221,183,172,218
round_queries,285,663,1281,2580,6758
round_k,0,1,3,7,15
round_shots,379,223,192,249,235
round_queries,379,669,1344,3735,7285
round_k,0,1,3,7,15
round_shots,277,179,173,153,228
round_queries,277,537,1211,2295,7068
round_k,0,1,3,7,15
round_shots,293,176,324,226,155,67
round_queries,293,528,2268,3390,4805,4221
round_k,0,1,3,7,15,31
round_shots,294,197,233,154,214
round_queries,294,591,1631,2310,6634
round_k,0,1,3,7,15
round_shots,340,176,202,217,214
round_queries,340,528,1414,3255,6634
round_k,0,1,3,7,15
round_shots,290,249,157,175,167,77
round_queries,290,747,1099,2625,5177,4851
round_k,0,1,3,7,15,31
round_shots,430,181,202,293,280
round_queries,430,543,1414,4395,8680
round_k,0,1,3,7,15
round_shots,275,215,202,221,192,73
round_queries,275,645,1414,3315,5952,4599
round_k,0,1,3,7,15,31
round_shots,326,206,199,209,200,37
round_queries,326,618,1393,3135,6200,2331
round_k,0,1,3,7,15,31
round_shots,482,188,175,165,156,75
round_queries,482,564,1225,2475,4836,4725
round_k,0,1,3,7,15,31
round_shots,354,231,158,162,140,81
round_queries,354,693,1106,2430,4340,5103
round_k,0,1,3,7,15,31
round_shots,382,223,152,154,209
round_queries,382,669,1064,2310,6479
round_k,0,1,3,7,15
round_shots,384,194,170,172,226
round_queries,384,582,1190,2580,7006
round_k,0,1,3,7,15
round_shots,274,212,215,198,187,57
round_queries,274,636,1505,2970,5797,3591
round_k,0,1,3,7,15,31
round_shots,318,224,152,225,230
round_queries,318,672,1064,3375,7130
round_k,0,1,3,7,15
round_shots,306,202,157,176,164,77
round_queries,306,606,1099,2640,5084,4851
round_k,0,1,3,7,15,31
round_shots,277,179,158,225,168,76
round_queries,277,537,1106,3375,5208,4788
round_k,0,1,3,7,15,31
round_shots,299,215,242,144,212
round_queries,299,645,1694,2160,6572
round_k,0,1,3,7,15
round_shots,285,187,188,194,146,79
round_queries,285,561,1316,2910,4526,4977
round_k,0,1,3,7,15,31
round_shots,405,185,166,184,171,58
round_queries,405,555,1162,2760,5301,3654
round_k,0,1,3,7,15,31
round_shots,288,182,183,160,150,77
round_queries,288,546,1281,2400,4650,4851
round_k,0,1,3,7,15,31
round_shots,293,179,169,157,214
round_queries,293,537,1183,2355,6634
round_k,0,1,3,7,15
round_shots,285,208,199,150,212
round_queries,285,624,1393,2250,6572
round_k,0,1,3,7,15
round_shots,393,188,195,156,158,67
round_queries,393,564,1365,2340,4898,4221
round_k,0,1,3,7,15,31
round_shots,506,193,163,168,159,61
round_queries,506,579,1141,2520,4929,3843
round_k,0,1,3,7,15,31
round_shots,393,237,234,192,249
round_queries,393,711,1638,2880,7719
round_k,0,1,3,7,15
round_shots,306,174,154,215,150,76
round_queries,306,522,1078,3225,4650,4788
round_k,0,1,3,7,15,31
round_shots,381,200,212,176,198,48
round_queries,381,600,1484,2640,6138,3024
round_k,0,1,3,7,15,31
round_shots,313,212,155,149,146,73
round_queries,313,636,1085,2235,4526,4599
round_k,0,1,3,7,15,31
round_shots,310,203,177,189,221
round_queries,310,609,1239,2835,6851
round_k,0,1,3,7,15
round_shots,310,226,152,150,210
round_queries,310,678,1064,2250,6510
round_k,0,1,3,7,15
round_shots,379,176,158,239,181,33
round_queries,379,528,1106,3585,5611,2079
round_k,0,1,3,7,15,31
round_shots,272,190,176,214,217
round_queries,272,570,1232,3210,6727
round_k,0,1,3,7,15
round_shots,290,246,218,339,270
round_queries,290,738,1526,5085,8370
round_k,0,1,3,7,15
round_shots,307,218,180,154,175,60
round_queries,307,654,1260,2310,5425,3780
round_k,0,1,3,7,15,31
round_shots,299,226,204,153,156,77
round_queries,299,678,1428,2295,4836,4851
round_k,0,1,3,7,15,31
round_shots,357,196,202,154,257
round_queries,357,588,1414,2310,7967
round_k,0,1,3,7,15
round_shots,287,246,160,153,178,79
round_queries,287,738,1120,2295,5518,4977
round_k,0,1,3,7,15,31
round_shots,362,227,154,165,257
round_queries,362,681,1078,2475,7967
round_k,0,1,3,7,15
round_shots,312,215,192,144,253
round_queries,312,645,1344,2160,7843
round_k,0,1,3,7,15
round_shots,398,234,161,165,143,80
round_queries,398,702,1127,2475,4433,5040
round_k,0,1,3,7,15,31
round_shots,318,249,160,173,208
round_queries,318,747,1120,2595,6448
round_k,0,1,3,7,15
round_shots,296,188,152,168,208
round_queries,296,564,1064,2520,6448
round_k,0,1,3,7,15
round_shots,332,362,199,172,218
round_queries,332,1086,1393,2580,6758
round_k,0,1,3,7,15
round_shots,294,184,180,166,206
round_queries,294,552,1260,2490,6386
round_k,0,1,3,7,15
round_shots,298,262,234,260,159,61
round_queries,298,786,1638,3900,4929,3843
round_k,0,1,3,7,15,31
round_shots,296,217,180,156,149,67
round_queries,296,651,1260,2340,4619,4221
round_k,0,1,3,7,15,31
round_shots,285,185,161,150,143,45
round_queries,285,555,1127,2250,4433,2835
round_k,0,1,3,7,15,31
round_shots,275,174,175,194,259
round_queries,275,522,1225,2910,8029
round_k,0,1,3,7,15
round_shots,382,249,191,146,159,61
round_queries,382,747,1337,2190,4929,3843
round_k,0,1,3,7,15,31
round_shots,409,224,230,163,142,79
round_queries,409,672,1610,2445,4402,4977
round_k,0,1,3,7,15,31
round_shots,283,214,155,188,143,78
round_queries,283,642,1085,2820,4433,4914
round_k,0,1,3,7,15,31
round_shots,283,197,154,165,210
round_queries,283,591,1078,2475,6510
round_k,0,1,3,7,15
round_shots,302,226,244,285,210
round_queries,302,678,1708,4275,6510
round_k,0,1,3,7,15
round_shots,277,200,170,153,214
round_queries,277,600,1190,2295,6634
round_k,0,1,3,7,15
round_shots,302,178,152,147,190,76
round_queries,302,534,1064,2205,5890,4788
round_k,0,1,3,7,15,31
round_shots,283,203,214,181,232
round_queries,283,609,1498,2715,7192
round_k,0,1,3,7,15
round_shots,401,184,157,226,182,79
round_queries,401,552,1099,3390,5642,4977
round_k,0,1,3,7,15,31
round_shots,337,209,234,365,350
round_queries,337,627,1638,5475,10850
round_k,0,1,3,7,15
round_shots,326,220,208,256,236
round_queries,326,660,1456,3840,7316
round_k,0,1,3,7,15
round_shots,350,209,176,186,178,64
round_queries,350,627,1232,2790,5518,4032
round_k,0,1,3,7,15,31
round_shots,285,193,152,173,150,72
round_queries,285,579,1064,2595,4650,4536
round_k,0,1,3,7,15,31
round_shots,310,209,180,228,214
round_queries,310,627,1260,3420,6634
round_k,0,1,3,7,15
round_shots,323,194,170,153,150,73
round_queries,323,582,1190,2295,4650,4599
round_k,0,1,3,7,15,31
round_shots,373,265,183,300,237
round_queries,373,795,1281,4500,7347
round_k,0,1,3,7,15
round_shots,302,224,166,157,223
round_queries,302,672,1162,2355,6913
round_k,0,1,3,7,15
round_shots,280,281,182,309,277
round_queries,280,843,1274,4635,8587
round_k,0,1,3,7,15
round_shots,346,190,173,205,150,76
round_queries,346,570,1211,3075,4650,4788
round_k,0,1,3,7,15,31
round_shots,340,267,167,165,143,78
round_queries,340,801,1169,2475,4433,4914
round_k,0,1,3,7,15,31
round_shots,288,184,257,208,264
round_queries,288,552,1799,3120,8184
round_k,0,1,3,7,15
round_shots,348,184,160,149,175,81
round_queries,348,552,1120,2235,5425,5103
round_k,0,1,3,7,15,31
round_shots,376,214,186,313,226
round_queries,376,642,1302,4695,7006
round_k,0,1,3,7,15
round_shots,272,197,186,149,169,75
round_queries,272,591,1302,2235,5239,4725
round_k,0,1,3,7,15,31
round_shots,288,230,176,320,262
round_queries,288,690,1232,4800,8122
round_k,0,1,3,7,15
round_shots,329,176,176,153,143,70
round_queries,329,528,1232,2295,4433,4410
round_k,0,1,3,7,15,31
round_shots,294,211,245,163,210
round_queries,294,633,1715,2445,6510
round_k,0,1,3,7,15
round_shots,373,246,192,186,145,66
round_queries,373,738,1344,2790,4495,4158
round_k,0,1,3,7,15,31
round_shots,272,206,218,238,246
round_queries,272,618,1526,3570,7626
round_k,0,1,3,7,15
round_shots,396,274,157,246,214
round_queries,396,822,1099,3690,6634
round_k,0,1,3,7,15
round_shots,396,209,215,238,234
round_queries,396,627,1505,3570,7254
round_k,0,1,3,7,15
round_shots,274,249,173,185,217
round_queries,274,747,1211,2775,6727
round_k,0,1,3,7,15
round_shots,274,206,225,260,210
round_queries,274,618,1575,3900,6510
round_k,0,1,3,7,15
round_shots,326,221,192,186,169,76
round_queries,326,663,1344,2790,5239,4788
round_k,0,1,3,7,15,31
round_shots,321,181,180,219,182,55
round_queries,321,543,1260,3285,5642,3465
round_k,0,1,3,7,15,31
round_shots,357,245,180,171,142,58
round_queries,357,735,1260,2565,4402,3654
round_k,0,1,3,7,15,31
round_shots,340,200,177,152,178,31
round_queries,340,600,1239,2280,5518,1953
round_k,0,1,3,7,15,31
round_shots,336,224,183,186,149,78
round_queries,336,672,1281,2790,4619,4914
round_k,0,1,3,7,15,31
round_shots,272,196,170,150,210
round_queries,272,588,1190,2250,6510
round_k,0,1,3,7,15
round_shots,313,200,180,191,171,63
round_queries,313,600,1260,2865,5301,3969
round_k,0,1,3,7,15,31
round_shots,404,179,155,201,149,48
round_queries,404,537,1085,3015,4619,3024
round_k,0,1,3,7,15,31
round_shots,343,191,155,173,152,76
round_queries,343,573,1085,2595,4712,4788
round_k,0,1,3,7,15,31
round_shots,285,182,244,166,210
round_queries,285,546,1708,2490,6510
round_k,0,1,3,7,15
round_shots,318,190,155,243,233
round_queries,318,570,1085,3645,7223
round_k,0,1,3,7,15
round_shots,275,187,176,168,169,78
round_queries,275,561,1232,2520,5239,4914
round_k,0,1,3,7,15,31
round_shots,283,194,167,189,146,47
round_queries,283,582,1169,2835,4526,2961
round_k,0,1,3,7,15,31
round_shots,439,194,205,215,208
round_queries,439,582,1435,3225,6448
round_k,0,1,3,7,15
round_shots,357,223,210,197,145,73
round_queries,357,669,1470,2955,4495,4599
round_k,0,1,3,7,15,31
round_shots,302,194,199,209,156,47
round_queries,302,582,1393,3135,4836,2961
round_k,0,1,3,7,15,31
round_shots,345,174,170,171,146,78
round_queries,345,522,1190,2565,4526,4914
round_k,0,1,3,7,15,31
round_shots,318,226,235,252,270
round_queries,318,678,1645,3780,8370
round_k,0,1,3,7,15
round_shots,302,214,186,182,208
round_queries,302,642,1302,2730,6448
round_k,0,1,3,7,15
round_shots,283,206,169,163,208
round_queries,283,618,1183,2445,6448
round_k,0,1,3,7,15
round_shots,293,209,214,149,208
round_queries,293,627,1498,2235,6448
round_k,0,1,3,7,15
round_shots,402,234,167,157,172,43
round_queries,402,702,1169,2355,5332,2709
round_k,0,1,3,7,15,31
round_shots,373,203,182,154,207
round_queries,373,609,1274,2310,6417
round_k,0,1,3,7,15
round_shots,326,239,167,172,140,75
round_queries,326,717,1169,2580,4340,4725
round_k,0,1,3,7,15,31
round_shots,317,174,166,215,148,67
round_queries,317,522,1162,3225,4588,4221
round_k,0,1,3,7,15,31
round_shots,379,200,195,150,214
round_queries,379,600,1365,2250,6634
round_k,0,1,3,7,15
round_shots,279,287,182,186,159,66
round_queries,279,861,1274,2790,4929,4158
round_k,0,1,3,7,15,31
round_shots,272,199,231,154,185,64
round_queries,272,597,1617,2310,5735,4032
round_k,0,1,3,7,15,31
round_shots,275,262,180,166,209
round_queries,275,786,1260,2490,6479
round_k,0,1,3,7,15
round_shots,280,174,157,150,188,48
round_queries,280,522,1099,2250,5828,3024
round_k,0,1,3,7,15,31
round_shots,376,233,192,147,191,66
round_queries,376,699,1344,2205,5921,4158
round_k,0,1,3,7,15,31
round_shots,365,245,177,191,192,64
round_queries,365,735,1239,2865,5952,4032
round_k,0,1,3,7,15,31
round_shots,290,234,196,219,235
round_queries,290,702,1372,3285,7285
round_k,0,1,3,7,15
round_shots,304,236,161,198,177,50
round_queries,304,708,1127,2970,5487,3150
round_k,0,1,3,7,15,31
round_shots,301,239,180,208,226
round_queries,301,717,1260,3120,7006
round_k,0,1,3,7,15
round_shots,282,264,180,215,161,43
round_queries,282,792,1260,3225,4991,2709
round_k,0,1,3,7,15,31
round_shots,291,206,227,154,204,75
round_queries,291,618,1589,2310,6324,4725
round_k,0,1,3,7,15,31
round_shots,328,206,167,144,162,75
round_queries,328,618,1169,2160,5022,4725
round_k,0,1,3,7,15,31
round_shots,274,223,154,152,212
round_queries,274,669,1078,2280,6572
round_k,0,1,3,7,15
round_shots,415,227,152,186,212
round_queries,415,681,1064,2790,6572
round_k,0,1,3,7,15
round_shots,302,200,163,229,156,75
round_queries,302,600,1141,3435,4836,4725
round_k,0,1,3,7,15,31
round_shots,346,190,212,146,149,52
round_queries,346,570,1484,2190,4619,3276
round_k,0,1,3,7,15,31
round_shots,274,176,186,257,223
round_queries,274,528,1302,3855,6913
round_k,0,1,3,7,15
round_shots,320,191,169,154,182,77
round_queries,320,573,1183,2310,5642,4851
round_k,0,1,3,7,15,31
round_shots,302,193,192,253,215
round_queries,302,579,1344,3795,6665
round_k,0,1,3,7,15
round_shots,332,184,265,211,222
round_queries,332,552,1855,3165,6882
round_k,0,1,3,7,15
round_shots,326,209,225,218,168,57
round_queries,326,627,1575,3270,5208,3591
round_k,0,1,3,7,15,31
round_shots,274,185,201,150,200,80
round_queries,274,555,1407,2250,6200,5040
round_k,0,1,3,7,15,31
round_shots,277,206,186,197,216
round_queries,277,618,1302,2955,6696
round_k,0,1,3,7,15
round_shots,385,191,152,186,149,73
round_queries,385,573,1064,2790,4619,4599
round_k,0,1,3,7,15,31
round_shots,287,217,173,182,140,79
round_queries,287,651,1211,2730,4340,4977
round_k,0,1,3,7,15,31
round_shots,288,191,208,225,210
round_queries,288,573,1456,3375,6510
round_k,0,1,3,7,15
round_shots,296,188,218,225,181,76
round_queries,296,564,1526,3375,5611,4788
round_k,0,1,3,7,15,31
round_shots,307,179,180,188,226
round_queries,307,537,1260,2820,7006
round_k,0,1,3,7,15
round_shots,375,182,204,185,194,57
round_queries,375,546,1428,2775,6014,3591
round_k,0,1,3,7,15,31
round_shots,291,182,152,172,167,73
round_queries,291,546,1064,2580,5177,4599
round_k,0,1,3,7,15,31
round_shots,296,227,220,160,188,53
round_queries,296,681,1540,2400,5828,3339
round_k,0,1,3,7,15,31
