round_shots,150,80,21,14,2
round_queries,150,240,315,490,146
round_k,0,1,7,17,36
round_shots,222,98,23,13
round_queries,222,294,345,507
round_k,0,1,7,19
round_shots,85,82,26,16
round_queries,85,246,338,560
round_k,0,1,6,17
round_shots,35,65,14,19,7
round_queries,35,195,154,437,357
round_k,0,1,5,11,25
round_shots,30,78,29,15
round_queries,30,234,377,525
round_k,0,1,6,17
round_shots,72,80,23,13
round_queries,72,240,345,507
round_k,0,1,7,19
round_shots,30,28,35,19,3
round_queries,30,84,315,513,195
round_k,0,1,4,13,32
round_shots,51,65,16,17,6
round_queries,51,195,176,391,282
round_k,0,1,5,11,23
round_shots,208,80,15,13,2
round_queries,208,240,225,403,134
round_k,0,1,7,15,33
round_shots,195,42,29,23,3
round_queries,195,126,261,575,183
round_k,0,1,4,12,30
round_shots,154,50,14,14,8
round_queries,154,150,154,322,376
round_k,0,1,5,11,23
round_shots,69,55,23,18,3
round_queries,69,165,253,486,183
round_k,0,1,5,13,30
round_shots,143,45,14,15,4
round_queries,143,135,154,345,220
round_k,0,1,5,11,27
round_shots,91,45,19,17,8
round_queries,91,135,209,391,392
round_k,0,1,5,11,24
round_shots,45,80,23,14
round_queries,45,240,345,518
round_k,0,1,7,18
round_shots,218,20,21,5
round_queries,218,140,441,245
round_k,0,3,10,24
round_shots,283,35,18,4
round_queries,283,315,486,220
round_k,0,4,13,27
round_shots,101,35,29,19,7
round_queries,101,105,261,437,357
round_k,0,1,4,11,25
round_shots,32,98,27,12
round_queries,32,294,405,492
round_k,0,1,7,20
round_shots,66,42,19,12,8
round_queries,66,126,171,252,392
round_k,0,1,4,10,24
round_shots,119,60,18,16,8
round_queries,119,180,198,368,392
round_k,0,1,5,11,24
round_shots,91,45,20,21,3
round_queries,91,135,220,567,189
round_k,0,1,5,13,31
round_shots,134,74,27,15
round_queries,134,222,351,555
round_k,0,1,6,18
round_shots,35,62,16,21,4
round_queries,35,186,208,567,252
round_k,0,1,6,13,31
round_shots,54,45,17,17,7
round_queries,54,135,187,391,357
round_k,0,1,5,11,25
round_shots,36,62,17,19,4
round_queries,36,186,221,513,252
round_k,0,1,6,13,31
round_shots,75,78,14,18,3
round_queries,75,234,182,486,183
round_k,0,1,6,13,30
round_shots,51,62,17,23,4
round_queries,51,186,221,621,252
round_k,0,1,6,13,31
round_shots,33,78,18,22,4
round_queries,33,234,234,594,260
round_k,0,1,6,13,32
round_shots,33,62,23,19,3
round_queries,33,186,299,513,195
round_k,0,1,6,13,32
round_shots,51,62,29,20,5
round_queries,51,186,377,540,295
round_k,0,1,6,13,29
round_shots,51,50,24,19,7
round_queries,51,150,264,437,357
round_k,0,1,5,11,25
round_shots,130,45,14,19,7
round_queries,130,135,154,437,357
round_k,0,1,5,11,25
round_shots,30,70,26,19,3
round_queries,30,210,338,513,189
round_k,0,1,6,13,31
round_shots,184,65,17,19,6
round_queries,184,195,187,437,318
round_k,0,1,5,11,26
round_shots,38,70,19,11,3
round_queries,38,210,247,297,177
round_k,0,1,6,13,29
round_shots,126,70,17,18,3
round_queries,126,210,221,486,183
round_k,0,1,6,13,30
round_shots,33,48,31,22,7
round_queries,33,144,279,550,357
round_k,0,1,4,12,25
round_shots,36,66,27,15
round_queries,36,198,351,555
round_k,0,1,6,18
round_shots,33,102,21,14,2
round_queries,33,306,315,490,146
round_k,0,1,7,17,36
round_shots,82,55,17,18,8
round_queries,82,165,187,414,392
round_k,0,1,5,11,24
round_shots,90,87,23,15
round_queries,90,261,345,555
round_k,0,1,7,18
round_shots,143,74,14,16,3
round_queries,143,222,182,432,177
round_k,0,1,6,13,29
round_shots,53,45,23,21,3
round_queries,53,135,253,567,189
round_k,0,1,5,13,31
round_shots,225,35,24,18,9
round_queries,225,105,216,378,423
round_k,0,1,4,10,23
round_shots,88,70,18,16,3
round_queries,88,210,234,464,195
round_k,0,1,6,14,32
round_shots,186,74,27,14,3
round_queries,186,222,351,490,213
round_k,0,1,6,17,35
round_shots,75,65,16,19,8
round_queries,75,195,176,437,392
round_k,0,1,5,11,24
round_shots,82,50,17,14,9
round_queries,82,150,187,322,423
round_k,0,1,5,11,23
round_shots,161,95,26,13
round_queries,161,285,390,507
round_k,0,1,7,19
round_shots,30,35,20,21,8
round_queries,30,105,180,441,392
round_k,0,1,4,10,24
round_shots,197,84,26,12
round_queries,197,252,390,492
round_k,0,1,7,20
round_shots,65,66,28,16,2
round_queries,65,198,364,528,146
round_k,0,1,6,16,36
round_shots,180,60,20,18,5
round_queries,180,180,220,486,305
round_k,0,1,5,13,30
round_shots,41,105,23,15
round_queries,41,315,345,555
round_k,0,1,7,18
round_shots,48,65,14,18,8
round_queries,48,195,154,414,376
round_k,0,1,5,11,23
round_shots,42,55,19,17,7
round_queries,42,165,209,391,357
round_k,0,1,5,11,25
round_shots,44,84,24,13
round_queries,44,252,360,507
round_k,0,1,7,19
round_shots,106,82,14,19,4
round_queries,106,246,182,513,260
round_k,0,1,6,13,32
round_shots,215,80,26,8
round_queries,215,240,390,328
round_k,0,1,7,20
round_shots,75,62,25,18,5
round_queries,75,186,325,486,305
round_k,0,1,6,13,30
round_shots,59,45,18,14,9
round_queries,59,135,198,322,423
round_k,0,1,5,11,23
round_shots,124,62,20,19,3
round_queries,124,186,260,513,189
round_k,0,1,6,13,31
round_shots,205,62,19,21,5
round_queries,205,186,247,567,305
round_k,0,1,6,13,30
round_shots,156,20,12,8
round_queries,156,140,252,392
round_k,0,3,10,24
round_shots,41,103,13,12
round_queries,41,309,221,468
round_k,0,1,8,19
round_shots,54,55,17,14,7
round_queries,54,165,187,350,357
round_k,0,1,5,12,25
round_shots,204,42,29,15,6
round_queries,204,126,261,375,330
round_k,0,1,4,12,27
round_shots,48,28,29,20,7
round_queries,48,84,261,500,357
round_k,0,1,4,12,25
round_shots,105,20,18,12
round_queries,105,100,270,396
round_k,0,2,7,16
round_shots,122,45,22,17,7
round_queries,122,135,242,391,357
round_k,0,1,5,11,25
round_shots,63,62,22,11,3
round_queries,63,186,286,297,177
round_k,0,1,6,13,29
round_shots,136,82,28,11,5
round_queries,136,246,364,297,295
round_k,0,1,6,13,29
round_shots,140,62,25,16
round_queries,140,186,325,560
round_k,0,1,6,17
round_shots,98,69,16,19,3
round_queries,98,207,208,513,189
round_k,0,1,6,13,31
round_shots,124,78,16,21,3
round_queries,124,234,208,567,183
round_k,0,1,6,13,30
round_shots,77,45,17,17,7
round_queries,77,135,187,425,357
round_k,0,1,5,12,25
round_shots,45,50,17,18,5
round_queries,45,150,187,414,255
round_k,0,1,5,11,25
round_shots,82,28,28,21,5
round_queries,82,84,252,567,305
round_k,0,1,4,13,30
round_shots,62,74,25,16
round_queries,62,222,325,560
round_k,0,1,6,17
round_shots,271,29,22,5
round_queries,271,261,550,305
round_k,0,4,12,30
round_shots,39,62,22,21,3
round_queries,39,186,286,567,189
round_k,0,1,6,13,31
round_shots,39,55,21,16,5
round_queries,39,165,231,400,255
round_k,0,1,5,12,25
round_shots,48,62,28,18
round_queries,48,186,364,594
round_k,0,1,6,16
round_shots,150,50,14,16,8
round_queries,150,150,154,368,392
round_k,0,1,5,11,24
round_shots,39,35,29,21,3
round_queries,39,105,261,525,183
round_k,0,1,4,12,30
round_shots,187,106,13,13
round_queries,187,318,221,507
round_k,0,1,8,19
round_shots,62,45,19,21,6
round_queries,62,135,209,525,342
round_k,0,1,5,12,28
round_shots,119,62,25,16
round_queries,119,186,325,560
round_k,0,1,6,17
round_shots,242,50,16,16,8
round_queries,242,150,176,368,392
round_k,0,1,5,11,24
round_shots,35,66,20,19,4
round_queries,35,198,260,513,260
round_k,0,1,6,13,32
round_shots,60,65,16,19,7
round_queries,60,195,176,437,357
round_k,0,1,5,11,25
round_shots,114,62,27,14
round_queries,114,186,351,518
round_k,0,1,6,18
round_shots,68,45,14,16,8
round_queries,68,135,154,368,392
round_k,0,1,5,11,24
round_shots,63,62,28,18
round_queries,63,186,364,594
round_k,0,1,6,16
round_shots,134,50,14,19,7
round_queries,134,150,154,437,371
round_k,0,1,5,11,26
round_shots,236,64,29,15
round_queries,236,192,377,555
round_k,0,1,6,18
round_shots,130,35,28,19,3
round_queries,130,105,252,513,183
round_k,0,1,4,13,30
round_shots,66,87,12,16
round_queries,66,261,180,560
round_k,0,1,7,17
round_shots,56,82,25,23,3
round_queries,56,246,325,621,195
round_k,0,1,6,13,32
round_shots,134,64,29,16
round_queries,134,192,377,560
round_k,0,1,6,17
round_shots,51,66,21,13,2
round_queries,51,198,273,403,134
round_k,0,1,6,15,33
round_shots,143,55,20,21,5
round_queries,143,165,220,567,305
round_k,0,1,5,13,30
round_shots,94,80,12,16
round_queries,94,240,180,560
round_k,0,1,7,17
round_shots,72,106,23,13
round_queries,72,318,391,507
round_k,0,1,8,19
round_shots,39,70,25,14,2
round_queries,39,210,325,490,146
round_k,0,1,6,17,36
round_shots,48,62,14,18,5
round_queries,48,186,182,486,305
round_k,0,1,6,13,30
round_shots,119,45,14,17,7
round_queries,119,135,154,391,357
round_k,0,1,5,11,25
round_shots,75,70,22,11,3
round_queries,75,210,286,297,177
round_k,0,1,6,13,29
round_shots,44,70,27,14,3
round_queries,44,210,351,490,219
round_k,0,1,6,17,36
round_shots,39,45,20,21,4
round_queries,39,135,220,567,252
round_k,0,1,5,13,31
round_shots,124,62,14,14,6
round_queries,124,186,182,378,330
round_k,0,1,6,13,27
round_shots,77,95,26,13
round_queries,77,285,390,507
round_k,0,1,7,19
round_shots,177,74,14,21,4
round_queries,177,222,182,567,252
round_k,0,1,6,13,31
round_shots,88,62,14,19,4
round_queries,88,186,182,513,260
round_k,0,1,6,13,32
round_shots,62,98,25,14
round_queries,62,294,375,518
round_k,0,1,7,18
round_shots,93,62,17,23,4
round_queries,93,186,221,621,260
round_k,0,1,6,13,32
round_shots,41,50,18,14,6
round_queries,41,150,198,322,282
round_k,0,1,5,11,23
round_shots,97,45,25,17,5
round_queries,97,135,275,391,255
round_k,0,1,5,11,25
round_shots,33,55,25,17,4
round_queries,33,165,275,493,252
round_k,0,1,5,14,31
round_shots,30,28,20,18,9
round_queries,30,84,140,378,423
round_k,0,1,3,10,23
round_shots,69,74,23,19,4
round_queries,69,222,299,513,252
round_k,0,1,6,13,31
round_shots,50,102,23,14
round_queries,50,306,345,518
round_k,0,1,7,18
round_shots,54,62,17,19,4
round_queries,54,186,221,513,260
round_k,0,1,6,13,32
round_shots,239,50,17,20,5
round_queries,239,150,187,500,295
round_k,0,1,5,12,29
round_shots,42,70,26,16
round_queries,42,210,338,560
round_k,0,1,6,17
round_shots,88,62,27,14,2
round_queries,88,186,351,518,150
round_k,0,1,6,18,37
round_shots,129,50,27,16,4
round_queries,129,150,297,464,260
round_k,0,1,5,14,32
round_shots,45,60,20,23,5
round_queries,45,180,220,575,305
round_k,0,1,5,12,30
round_shots,66,70,14,21,4
round_queries,66,210,182,567,260
round_k,0,1,6,13,32
round_shots,85,91,23,14,2
round_queries,85,273,345,518,150
round_k,0,1,7,18,37
round_shots,57,65,14,21,6
round_queries,57,195,154,483,342
round_k,0,1,5,11,28
round_shots,117,65,20,14,5
round_queries,117,195,220,350,255
round_k,0,1,5,12,25
round_shots,173,28,26,16,5
round_queries,173,84,234,368,245
round_k,0,1,4,11,24
round_shots,106,35,28,21,4
round_queries,106,105,252,567,260
round_k,0,1,4,13,32
round_shots,50,103,18,13
round_queries,50,309,306,507
round_k,0,1,8,19
round_shots,156,62,18,18,4
round_queries,156,186,234,522,268
round_k,0,1,6,14,33
round_shots,65,65,17,17,7
round_queries,65,195,187,425,371
round_k,0,1,5,12,26
round_shots,84,66,23,16,3
round_queries,84,198,299,528,219
round_k,0,1,6,16,36
round_shots,50,62,18,21,3
round_queries,50,186,234,567,183
round_k,0,1,6,13,30
round_shots,30,84,24,13
round_queries,30,252,360,507
round_k,0,1,7,19
round_shots,42,116,18,13
round_queries,42,348,306,507
round_k,0,1,8,19
round_shots,103,95,30,12
round_queries,103,285,450,492
round_k,0,1,7,20
round_shots,68,78,14,18,5
round_queries,68,234,182,486,305
round_k,0,1,6,13,30
round_shots,134,60,16,14,9
round_queries,134,180,176,322,423
round_k,0,1,5,11,23
round_shots,137,60,21,16,5
round_queries,137,180,231,432,295
round_k,0,1,5,13,29
round_shots,32,80,25,16
round_queries,32,240,375,560
round_k,0,1,7,17
round_shots,134,74,27,15
round_queries,134,222,351,555
round_k,0,1,6,18
round_shots,153,80,28,8
round_queries,153,240,420,328
round_k,0,1,7,20
round_shots,109,45,14,17,9
round_queries,109,135,154,391,423
round_k,0,1,5,11,23
round_shots,30,63,27,14
round_queries,30,189,351,518
round_k,0,1,6,18
round_shots,110,35,15,14,6
round_queries,110,105,135,266,270
round_k,0,1,4,9,22
round_shots,30,65,17,17,7
round_queries,30,195,187,425,357
round_k,0,1,5,12,25
round_shots,45,45,23,20,3
round_queries,45,135,253,500,177
round_k,0,1,5,12,29
round_shots,57,74,26,19,4
round_queries,57,222,338,513,260
round_k,0,1,6,13,32
round_shots,33,62,16,19,4
round_queries,33,186,208,513,260
round_k,0,1,6,13,32
round_shots,39,60,19,16,7
round_queries,39,180,209,400,357
round_k,0,1,5,12,25
round_shots,208,60,16,14,6
round_queries,208,180,176,322,282
round_k,0,1,5,11,23
round_shots,93,62,27,14,2
round_queries,93,186,351,518,150
round_k,0,1,6,18,37
round_shots,101,35,28,21,3
round_queries,101,105,252,567,189
round_k,0,1,4,13,31
round_shots,167,62,14,23,4
round_queries,167,186,182,621,252
round_k,0,1,6,13,31
round_shots,36,62,16,19,3
round_queries,36,186,208,513,195
round_k,0,1,6,13,32
round_shots,30,60,14,15,9
round_queries,30,180,154,345,423
round_k,0,1,5,11,23
round_shots,36,42,28,16,3
round_queries,36,126,252,432,177
round_k,0,1,4,13,29
round_shots,72,28,29,17,7
round_queries,72,84,261,391,357
round_k,0,1,4,11,25
round_shots,134,66,30,15
round_queries,134,198,390,555
round_k,0,1,6,18
round_shots,78,66,20,19,3
round_queries,78,198,260,513,183
round_k,0,1,6,13,30
round_shots,45,60,19,17,9
round_queries,45,180,209,391,423
round_k,0,1,5,11,23
round_shots,116,123,18,13
round_queries,116,369,306,507
round_k,0,1,8,19
round_shots,81,45,22,19,7
round_queries,81,135,242,475,357
round_k,0,1,5,12,25
round_shots,206,28,18,9
round_queries,206,196,378,423
round_k,0,3,10,23
round_shots,80,45,14,17,7
round_queries,80,135,154,391,357
round_k,0,1,5,11,25
round_shots,60,45,17,23,5
round_queries,60,135,187,575,305
round_k,0,1,5,12,30
round_shots,179,50,20,11,5
round_queries,179,150,220,297,295
round_k,0,1,5,13,29
round_shots,133,74,22,19,4
round_queries,133,222,286,513,252
round_k,0,1,6,13,31
round_shots,84,65,20,21,4
round_queries,84,195,220,567,252
round_k,0,1,5,13,31
round_shots,30,50,20,19,4
round_queries,30,150,220,513,252
round_k,0,1,5,13,31
round_shots,32,62,17,18,5
round_queries,32,186,221,486,305
round_k,0,1,6,13,30
round_shots,30,84,25,14,2
round_queries,30,252,375,518,150
round_k,0,1,7,18,37
round_shots,75,42,21,12,8
round_queries,75,126,189,252,392
round_k,0,1,4,10,24
round_shots,47,45,19,19,7
round_queries,47,135,209,437,357
round_k,0,1,5,11,25
round_shots,48,78,14,16,5
round_queries,48,234,182,432,295
round_k,0,1,6,13,29
round_shots,147,80,17,11
round_queries,147,240,255,385
round_k,0,1,7,17
round_shots,205,45,14,17,7
round_queries,205,135,154,391,357
round_k,0,1,5,11,25
round_shots,60,45,17,22,3
round_queries,60,135,187,550,177
round_k,0,1,5,12,29
round_shots,48,86,25,14,2
round_queries,48,258,325,490,146
round_k,0,1,6,17,36
round_shots,80,60,19,17,9
round_queries,80,180,209,391,423
round_k,0,1,5,11,23
round_shots,35,45,22,19,7
round_queries,35,135,242,437,357
round_k,0,1,5,11,25
round_shots,50,50,14,16,8
round_queries,50,150,154,368,392
round_k,0,1,5,11,24
round_shots,87,84,26,15
round_queries,87,252,390,555
round_k,0,1,7,18
round_shots,39,65,14,16,7
round_queries,39,195,154,368,343
round_k,0,1,5,11,24
round_shots,88,62,25,14,2
round_queries,88,186,325,490,142
round_k,0,1,6,17,35
round_shots,30,109,26,14,2
round_queries,30,327,390,518,150
round_k,0,1,7,18,37
round_shots,35,82,22,20,5
round_queries,35,246,286,540,295
round_k,0,1,6,13,29
round_shots,38,60,17,23,3
round_queries,38,180,187,575,183
round_k,0,1,5,12,30
round_shots,157,65,16,14,9
round_queries,157,195,176,322,423
round_k,0,1,5,11,23
round_shots,124,45,17,14,7
round_queries,124,135,187,350,357
round_k,0,1,5,12,25
round_shots,57,102,25,13
round_queries,57,306,375,507
round_k,0,1,7,19
round_shots,90,48,27,17,5
round_queries,90,144,243,391,245
round_k,0,1,4,11,24
round_shots,30,74,29,16
round_queries,30,222,377,560
round_k,0,1,6,17
round_shots,107,80,25,15
round_queries,107,240,375,555
round_k,0,1,7,18
round_shots,111,66,27,15
round_queries,111,198,351,555
round_k,0,1,6,18
round_shots,36,60,17,17,5
round_queries,36,180,187,425,255
round_k,0,1,5,12,25
round_shots,66,116,23,13
round_queries,66,348,391,507
round_k,0,1,8,19
round_shots,51,62,14,11,3
round_queries,51,186,182,297,177
round_k,0,1,6,13,29
round_shots,127,80,25,16
round_queries,127,240,375,560
round_k,0,1,7,17
round_shots,36,65,18,15,9
round_queries,36,195,198,345,423
round_k,0,1,5,11,23
round_shots,153,50,17,16,7
round_queries,153,150,187,400,357
round_k,0,1,5,12,25
round_shots,91,28,23,15,6
round_queries,91,84,207,345,282
round_k,0,1,4,11,23
round_shots,116,74,14,21,4
round_queries,116,222,182,567,252
round_k,0,1,6,13,31
round_shots,91,50,20,22,7
round_queries,91,150,220,550,357
round_k,0,1,5,12,25
round_shots,91,50,16,18,8
round_queries,91,150,176,414,392
round_k,0,1,5,11,24
round_shots,69,66,19,18,6
round_queries,69,198,247,486,330
round_k,0,1,6,13,27
round_shots,134,55,17,14,7
round_queries,134,165,187,350,357
round_k,0,1,5,12,25
round_shots,36,102,23,13
round_queries,36,306,345,507
round_k,0,1,7,19
round_shots,200,62,22,18,5
round_queries,200,186,286,486,305
round_k,0,1,6,13,30
round_shots,127,60,17,20,7
round_queries,127,180,187,500,357
round_k,0,1,5,12,25
round_shots,30,45,19,16,7
round_queries,30,135,209,368,343
round_k,0,1,5,11,24
round_shots,113,48,29,17,5
round_queries,113,144,261,425,255
round_k,0,1,4,12,25
round_shots,30,28,19,17,8
round_queries,30,84,171,357,392
round_k,0,1,4,10,24
round_shots,150,63,26,14,3
round_queries,150,189,338,490,219
round_k,0,1,6,17,36
round_shots,224,82,27,14,2
round_queries,224,246,351,518,150
round_k,0,1,6,18,37
round_shots,66,65,19,16,8
round_queries,66,195,209,368,392
round_k,0,1,5,11,24
round_shots,30,87,24,13
round_queries,30,261,360,507
round_k,0,1,7,19
round_shots,205,123,22,12
round_queries,205,369,374,492
round_k,0,1,8,20
round_shots,69,50,22,17,4
round_queries,69,150,242,425,212
round_k,0,1,5,12,26
round_shots,166,78,14,20,5
round_queries,166,234,182,540,295
round_k,0,1,6,13,29
round_shots,100,42,25,17,7
round_queries,100,126,225,391,357
round_k,0,1,4,11,25
round_shots,222,78,26,19,4
round_queries,222,234,338,513,252
round_k,0,1,6,13,31
round_shots,160,80,23,14,2
round_queries,160,240,345,518,150
round_k,0,1,7,18,37
round_shots,53,42,35,15,6
round_queries,53,126,315,405,330
round_k,0,1,4,13,27
round_shots,193,74,18,15,4
round_queries,193,222,234,405,220
round_k,0,1,6,13,27
round_shots,33,60,20,22,2
round_queries,33,180,220,594,134
round_k,0,1,5,13,33
round_shots,32,48,21,21,4
round_queries,32,144,231,567,252
round_k,0,1,5,13,31
round_shots,100,46,16,17,8
round_queries,100,138,176,391,392
round_k,0,1,5,11,24
round_shots,51,28,35,19,4
round_queries,51,84,315,513,252
round_k,0,1,4,13,31
round_shots,149,45,20,19,4
round_queries,149,135,220,513,260
round_k,0,1,5,13,32
round_shots,88,35,19,21,8
round_queries,88,105,171,441,392
round_k,0,1,4,10,24
round_shots,81,62,16,18,3
round_queries,81,186,208,486,183
round_k,0,1,6,13,30
round_shots,33,65,19,21,5
round_queries,33,195,209,525,305
round_k,0,1,5,12,30
round_shots,101,60,20,21,5
round_queries,101,180,220,525,305
round_k,0,1,5,12,30
round_shots,106,62,25,11,5
round_queries,106,186,325,297,295
round_k,0,1,6,13,29
round_shots,54,66,23,11,2
round_queries,54,198,299,363,146
round_k,0,1,6,16,36
round_shots,53,66,29,19,4
round_queries,53,198,377,513,252
round_k,0,1,6,13,31
round_shots,39,65,19,16,6
round_queries,39,195,209,368,282
round_k,0,1,5,11,23
round_shots,117,70,30,15
round_queries,117,210,390,555
round_k,0,1,6,18
round_shots,101,50,14,17,9
round_queries,101,150,154,391,423
round_k,0,1,5,11,23
round_shots,91,62,25,16
round_queries,91,186,325,560
round_k,0,1,6,17
round_shots,36,55,23,14,5
round_queries,36,165,253,350,255
round_k,0,1,5,12,25
round_shots,113,45,18,17,5
round_queries,113,135,198,391,255
round_k,0,1,5,11,25
round_shots,181,62,16,18,5
round_queries,181,186,208,486,305
round_k,0,1,6,13,30
round_shots,157,28,20,17,9
round_queries,157,84,140,357,405
round_k,0,1,3,10,22
round_shots,54,60,17,21,5
round_queries,54,180,187,525,305
round_k,0,1,5,12,30
round_shots,62,62,29,14
round_queries,62,186,377,518
round_k,0,1,6,18
round_shots,42,50,20,19,4
round_queries,42,150,220,475,228
round_k,0,1,5,12,28
round_shots,205,28,29,21,5
round_queries,205,84,261,525,305
round_k,0,1,4,12,30
round_shots,39,80,25,15
round_queries,39,240,375,525
round_k,0,1,7,17
round_shots,187,80,28,8
round_queries,187,240,420,328
round_k,0,1,7,20
round_shots,164,45,26,18,2
round_queries,164,135,286,522,134
round_k,0,1,5,14,33
round_shots,72,45,19,14,8
round_queries,72,135,209,322,376
round_k,0,1,5,11,23
round_shots,36,91,23,13
round_queries,36,273,345,507
round_k,0,1,7,19
round_shots,62,110,13,13
round_queries,62,330,221,507
round_k,0,1,8,19
round_shots,32,35,27,16,8
round_queries,32,105,243,368,392
round_k,0,1,4,11,24
round_shots,85,45,17,24,5
round_queries,85,135,187,600,295
round_k,0,1,5,12,29
round_shots,127,70,29,14,3
round_queries,127,210,377,490,213
round_k,0,1,6,17,35
round_shots,215,20,18,9
round_queries,215,140,378,423
round_k,0,3,10,23
round_shots,36,45,14,18,7
round_queries,36,135,154,414,357
round_k,0,1,5,11,25
round_shots,222,66,17,18,3
round_queries,222,198,221,486,183
round_k,0,1,6,13,30
round_shots,157,65,17,15,9
round_queries,157,195,187,345,423
round_k,0,1,5,11,23
round_shots,30,50,25,21,4
round_queries,30,150,275,567,252
round_k,0,1,5,13,31
round_shots,176,50,14,18,8
round_queries,176,150,154,414,392
round_k,0,1,5,11,24
round_shots,68,95,23,15
round_queries,68,285,345,555
round_k,0,1,7,18
round_shots,130,87,28,13
round_queries,130,261,420,507
round_k,0,1,7,19
round_shots,101,55,18,20,9
round_queries,101,165,198,460,423
round_k,0,1,5,11,23
round_shots,110,74,27,15
round_queries,110,222,351,555
round_k,0,1,6,18
round_shots,171,78,14,18,5
round_queries,171,234,182,486,305
round_k,0,1,6,13,30
round_shots,120,70,17,19,4
round_queries,120,210,221,513,260
round_k,0,1,6,13,32
round_shots,78,62,25,15,3
round_queries,78,186,325,525,213
round_k,0,1,6,17,35
round_shots,41,87,23,18,4
round_queries,41,261,345,558,268
round_k,0,1,7,15,33
round_shots,82,84,12,16
round_queries,82,252,180,560
round_k,0,1,7,17
round_shots,120,74,19,17,4
round_queries,120,222,247,493,252
round_k,0,1,6,14,31
round_shots,72,45,19,22,5
round_queries,72,135,209,550,305
round_k,0,1,5,12,30
round_shots,51,45,19,23,5
round_queries,51,135,209,575,305
round_k,0,1,5,12,30
round_shots,257,23,19,8
round_queries,257,207,437,392
round_k,0,4,11,24
round_shots,174,20,12,8
round_queries,174,140,252,392
round_k,0,3,10,24
round_shots,154,45,23,17,4
round_queries,154,135,253,493,252
round_k,0,1,5,14,31
round_shots,116,35,21,12,5
round_queries,116,105,189,252,245
round_k,0,1,4,10,24
round_shots,30,70,17,18,5
round_queries,30,210,221,486,305
round_k,0,1,6,13,30
round_shots,48,63,25,15
round_queries,48,189,325,525
round_k,0,1,6,17
round_shots,127,42,24,21,6
round_queries,127,126,216,483,330
round_k,0,1,4,11,27
round_shots,60,66,30,14
round_queries,60,198,390,518
round_k,0,1,6,18
round_shots,214,48,35,18,3
round_queries,214,144,315,486,183
round_k,0,1,4,13,30
round_shots,39,65,16,17,8
round_queries,39,195,176,391,392
round_k,0,1,5,11,24
round_shots,111,66,14,21,5
round_queries,111,198,182,567,305
round_k,0,1,6,13,30
round_shots,134,65,21,21,4
round_queries,134,195,231,567,252
round_k,0,1,5,13,31
round_shots,84,50,17,19,4
round_queries,84,150,187,437,212
round_k,0,1,5,11,26
round_shots,194,45,14,18,8
round_queries,194,135,154,414,392
round_k,0,1,5,11,24
round_shots,72,45,21,16,7
round_queries,72,135,231,368,343
round_k,0,1,5,11,24
round_shots,90,70,25,21,3
round_queries,90,210,325,567,189
round_k,0,1,6,13,31
round_shots,38,66,29,16
round_queries,38,198,377,560
round_k,0,1,6,17
round_shots,195,45,18,17,6
round_queries,195,135,198,391,282
round_k,0,1,5,11,23
round_shots,140,28,28,21,4
round_queries,140,84,252,567,252
round_k,0,1,4,13,31
round_shots,144,35,20,15,6
round_queries,144,105,180,405,330
round_k,0,1,4,13,27
round_shots,100,62,14,19,4
round_queries,100,186,182,513,252
round_k,0,1,6,13,31
round_shots,208,55,14,16,9
round_queries,208,165,154,368,423
round_k,0,1,5,11,23
round_shots,47,35,35,17,7
round_queries,47,105,315,425,357
round_k,0,1,4,12,25
round_shots,30,50,20,19,5
round_queries,30,150,220,513,305
round_k,0,1,5,13,30
round_shots,32,45,17,20,3
round_queries,32,135,187,500,177
round_k,0,1,5,12,29
round_shots,35,35,29,20,7
round_queries,35,105,261,500,357
round_k,0,1,4,12,25
round_shots,107,48,24,21,4
round_queries,107,144,264,567,252
round_k,0,1,5,13,31
round_shots,72,70,25,16
round_queries,72,210,325,560
round_k,0,1,6,17
round_shots,42,62,17,19,4
round_queries,42,186,221,513,252
round_k,0,1,6,13,31
round_shots,136,62,26,16
round_queries,136,186,338,560
round_k,0,1,6,17
round_shots,33,82,16,21,3
round_queries,33,246,208,567,195
round_k,0,1,6,13,32
round_shots,60,70,28,19,3
round_queries,60,210,364,513,195
round_k,0,1,6,13,32
round_shots,51,87,23,14
round_queries,51,261,345,518
round_k,0,1,7,18
round_shots,57,74,14,20,3
round_queries,57,222,182,540,177
round_k,0,1,6,13,29
round_shots,66,70,29,15
round_queries,66,210,377,555
round_k,0,1,6,18
round_shots,39,74,14,18,5
round_queries,39,222,182,486,305
round_k,0,1,6,13,30
round_shots,117,48,23,12,5
round_queries,117,144,207,252,245
round_k,0,1,4,10,24
round_shots,35,46,17,14,7
round_queries,35,138,187,350,357
round_k,0,1,5,12,25
round_shots,111,80,23,14
round_queries,111,240,345,518
round_k,0,1,7,18
round_shots,36,80,20,13,2
round_queries,36,240,300,403,134
round_k,0,1,7,15,33
round_shots,56,74,28,16,3
round_queries,56,222,364,528,219
round_k,0,1,6,16,36
round_shots,226,45,19,20,5
round_queries,226,135,209,500,295
round_k,0,1,5,12,29
round_shots,50,78,25,14,2
round_queries,50,234,325,490,146
round_k,0,1,6,17,36
round_shots,146,78,14,23,3
round_queries,146,234,182,621,195
round_k,0,1,6,13,32
round_shots,98,28,23,15,9
round_queries,98,84,207,315,405
round_k,0,1,4,10,22
round_shots,39,102,23,14
round_queries,39,306,345,518
round_k,0,1,7,18
round_shots,110,35,28,17,9
round_queries,110,105,252,391,423
round_k,0,1,4,11,23
round_shots,45,74,27,14,2
round_queries,45,222,351,490,142
round_k,0,1,6,17,35
round_shots,63,35,29,23,5
round_queries,63,105,261,575,255
round_k,0,1,4,12,25
round_shots,30,70,29,14
round_queries,30,210,377,518
round_k,0,1,6,18
round_shots,143,45,29,18,2
round_queries,143,135,319,558,138
round_k,0,1,5,15,34
round_shots,80,63,25,15
round_queries,80,189,325,525
round_k,0,1,6,17
round_shots,33,42,29,14,7
round_queries,33,126,261,350,357
round_k,0,1,4,12,25
round_shots,48,70,31,16
round_queries,48,210,403,560
round_k,0,1,6,17
round_shots,30,62,17,18,3
round_queries,30,186,221,486,183
round_k,0,1,6,13,30
round_shots,30,62,25,11
round_queries,30,186,325,385
round_k,0,1,6,17
round_shots,54,35,29,21,5
round_queries,54,105,261,525,295
round_k,0,1,4,12,29
round_shots,180,28,20,12,8
round_queries,180,84,140,252,392
round_k,0,1,3,10,24
round_shots,60,87,23,13
round_queries,60,261,345,507
round_k,0,1,7,19
round_shots,39,55,20,19,4
round_queries,39,165,220,513,252
round_k,0,1,5,13,31
round_shots,120,28,29,21,3
round_queries,120,84,261,525,183
round_k,0,1,4,12,30
round_shots,124,45,17,16,6
round_queries,124,135,187,400,318
round_k,0,1,5,12,26
round_shots,117,48,23,14,8
round_queries,117,144,207,322,376
round_k,0,1,4,11,23
round_shots,75,80,23,15
round_queries,75,240,345,555
round_k,0,1,7,18
round_shots,194,80,25,16
round_queries,194,240,375,560
round_k,0,1,7,17
round_shots,42,46,21,14,7
round_queries,42,138,231,350,357
round_k,0,1,5,12,25
round_shots,32,105,26,12
round_queries,32,315,390,492
round_k,0,1,7,20
round_shots,127,55,14,14,9
round_queries,127,165,154,322,423
round_k,0,1,5,11,23
round_shots,154,65,18,17,8
round_queries,154,195,198,391,392
round_k,0,1,5,11,24
round_shots,153,20,12,8
round_queries,153,140,252,392
round_k,0,3,10,24
round_shots,96,80,23,13
round_queries,96,240,345,507
round_k,0,1,7,19
round_shots,48,60,19,19,8
round_queries,48,180,209,437,392
round_k,0,1,5,11,24
round_shots,38,62,27,14
round_queries,38,186,351,518
round_k,0,1,6,18
round_shots,51,31,28,15,6
round_queries,51,93,196,315,282
round_k,0,1,3,10,23
round_shots,91,64,27,15
round_queries,91,192,351,525
round_k,0,1,6,17
round_shots,104,84,26,13
round_queries,104,252,390,507
round_k,0,1,7,19
round_shots,54,80,23,13
round_queries,54,240,345,507
round_k,0,1,7,19
round_shots,60,65,25,16,4
round_queries,60,195,275,464,260
round_k,0,1,5,14,32
round_shots,104,55,22,17,9
round_queries,104,165,242,391,423
round_k,0,1,5,11,23
round_shots,51,35,23,19,8
round_queries,51,105,207,437,392
round_k,0,1,4,11,24
round_shots,32,62,30,15
round_queries,32,186,390,555
round_k,0,1,6,18
round_shots,47,48,29,14,7
round_queries,47,144,261,350,357
round_k,0,1,4,12,25
round_shots,84,45,14,16,8
round_queries,84,135,154,368,392
round_k,0,1,5,11,24
round_shots,91,50,19,20,5
round_queries,91,150,209,500,295
round_k,0,1,5,12,29
round_shots,57,62,26,18
round_queries,57,186,338,594
round_k,0,1,6,16
round_shots,134,45,14,19,8
round_queries,134,135,154,437,392
round_k,0,1,5,11,24
round_shots,59,84,18,13,2
round_queries,59,252,270,403,134
round_k,0,1,7,15,33
round_shots,66,42,35,20,3
round_queries,66,126,315,540,177
round_k,0,1,4,13,29
round_shots,111,45,14,16,8
round_queries,111,135,154,368,392
round_k,0,1,5,11,24
round_shots,147,55,17,16,7
round_queries,147,165,187,400,357
round_k,0,1,5,12,25
round_shots,110,62,18,12,4
round_queries,110,186,234,348,252
round_k,0,1,6,14,31
round_shots,167,87,17,13,2
round_queries,167,261,255,403,134
round_k,0,1,7,15,33
round_shots,114,80,28,13
round_queries,114,240,420,507
round_k,0,1,7,19
round_shots,77,70,27,14,3
round_queries,77,210,351,490,213
round_k,0,1,6,17,35
round_shots,82,80,28,12
round_queries,82,240,420,492
round_k,0,1,7,20
round_shots,85,62,27,15
round_queries,85,186,351,555
round_k,0,1,6,18
round_shots,30,66,25,16
round_queries,30,198,325,560
round_k,0,1,6,17
round_shots,42,65,21,19,8
round_queries,42,195,231,437,392
round_k,0,1,5,11,24
round_shots,74,86,25,19,3
round_queries,74,258,325,513,189
round_k,0,1,6,13,31
round_shots,123,82,27,15
round_queries,123,246,351,555
round_k,0,1,6,18
round_shots,57,35,23,17,9
round_queries,57,105,207,391,423
round_k,0,1,4,11,23
round_shots,137,48,29,21,3
round_queries,137,144,261,525,183
round_k,0,1,4,12,30
round_shots,186,78,29,15
round_queries,186,234,377,555
round_k,0,1,6,18
round_shots,133,60,16,14,6
round_queries,133,180,176,322,282
round_k,0,1,5,11,23
round_shots,103,78,30,16
round_queries,103,234,390,560
round_k,0,1,6,17
round_shots,107,62,17,19,3
round_queries,107,186,221,513,189
round_k,0,1,6,13,31
round_shots,74,35,27,17,7
round_queries,74,105,243,391,357
round_k,0,1,4,11,25
round_shots,195,126,13,13
round_queries,195,378,221,507
round_k,0,1,8,19
round_shots,72,35,29,18,7
round_queries,72,105,261,450,357
round_k,0,1,4,12,25
round_shots,30,66,17,20,5
round_queries,30,198,221,540,295
round_k,0,1,6,13,29
round_shots,36,50,23,18,7
round_queries,36,150,253,450,357
round_k,0,1,5,12,25
round_shots,51,78,16,20,5
round_queries,51,234,208,540,295
round_k,0,1,6,13,29
round_shots,60,50,23,18,3
round_queries,60,150,253,486,183
round_k,0,1,5,13,30
round_shots,87,42,29,21,3
round_queries,87,126,261,525,177
round_k,0,1,4,12,29
round_shots,39,80,24,13
round_queries,39,240,360,507
round_k,0,1,7,19
round_shots,174,28,21,8
round_queries,174,196,441,392
round_k,0,3,10,24
round_shots,32,65,20,22,5
round_queries,32,195,220,550,295
round_k,0,1,5,12,29
round_shots,75,46,17,20,7
round_queries,75,138,187,500,357
round_k,0,1,5,12,25
round_shots,38,62,16,21,4
round_queries,38,186,208,567,252
round_k,0,1,6,13,31
round_shots,75,66,17,21,4
round_queries,75,198,221,567,252
round_k,0,1,6,13,31
round_shots,224,28,23,19,9
round_queries,224,84,207,437,423
round_k,0,1,4,11,23
round_shots,111,55,25,21,3
round_queries,111,165,275,567,183
round_k,0,1,5,13,30
round_shots,123,82,18,16,4
round_queries,123,246,234,464,260
round_k,0,1,6,14,32
round_shots,144,20,21,16
round_queries,144,100,315,560
round_k,0,2,7,17
round_shots,103,65,21,18,5
round_queries,103,195,231,414,255
round_k,0,1,5,11,25
round_shots,39,45,21,21,5
round_queries,39,135,231,567,305
round_k,0,1,5,13,30
round_shots,120,48,14,21,6
round_queries,120,144,154,483,330
round_k,0,1,5,11,27
round_shots,72,28,23,16,8
round_queries,72,84,207,368,392
round_k,0,1,4,11,24
round_shots,110,35,23,24,4
round_queries,110,105,207,552,220
round_k,0,1,4,11,27
round_shots,56,74,18,22,2
round_queries,56,222,234,638,138
round_k,0,1,6,14,34
round_shots,60,55,14,18,8
round_queries,60,165,154,414,392
round_k,0,1,5,11,24
round_shots,33,78,14,19,4
round_queries,33,234,182,513,260
round_k,0,1,6,13,32
round_shots,114,55,19,16,8
round_queries,114,165,209,368,392
round_k,0,1,5,11,24
round_shots,93,46,14,14,9
round_queries,93,138,154,322,423
round_k,0,1,5,11,23
round_shots,30,50,14,16,8
round_queries,30,150,154,368,392
round_k,0,1,5,11,24
round_shots,63,60,17,16,5
round_queries,63,180,187,368,245
round_k,0,1,5,11,24
round_shots,163,42,19,17,7
round_queries,163,126,171,357,343
round_k,0,1,4,10,24
round_shots,82,28,29,16,6
round_queries,82,84,261,400,318
round_k,0,1,4,12,26
round_shots,45,62,25,16
round_queries,45,186,325,560
round_k,0,1,6,17
round_shots,35,87,28,13
round_queries,35,261,420,507
round_k,0,1,7,19
round_shots,120,62,20,21,3
round_queries,120,186,260,567,195
round_k,0,1,6,13,32
round_shots,51,50,18,14,9
round_queries,51,150,198,322,423
round_k,0,1,5,11,23
round_shots,85,80,12,15,3
round_queries,85,240,180,525,213
round_k,0,1,7,17,35
round_shots,261,20,18,6
round_queries,261,140,378,282
round_k,0,3,10,23
round_shots,150,62,16,19,3
round_queries,150,186,208,513,189
round_k,0,1,6,13,31
round_shots,201,20,17,8
round_queries,201,140,357,392
round_k,0,3,10,24
round_shots,45,70,22,11,5
round_queries,45,210,286,297,295
round_k,0,1,6,13,29
round_shots,110,60,20,19,3
round_queries,110,180,220,513,195
round_k,0,1,5,13,32
round_shots,127,103,13,13
round_queries,127,309,221,507
round_k,0,1,8,19
round_shots,81,45,14,19,7
round_queries,81,135,154,437,357
round_k,0,1,5,11,25
round_shots,98,62,27,14
round_queries,98,186,351,518
round_k,0,1,6,18
round_shots,30,102,28,12
round_queries,30,306,420,492
round_k,0,1,7,20
round_shots,35,62,17,21,4
round_queries,35,186,221,567,260
round_k,0,1,6,13,32
round_shots,187,28,28,18,5
round_queries,187,84,252,486,305
round_k,0,1,4,13,30
round_shots,132,78,17,19,3
round_queries,132,234,221,513,195
round_k,0,1,6,13,32
round_shots,66,84,25,14
round_queries,66,252,375,518
round_k,0,1,7,18
round_shots,35,98,26,13
round_queries,35,294,390,507
round_k,0,1,7,19
round_shots,72,91,23,13
round_queries,72,273,345,507
round_k,0,1,7,19
round_shots,33,45,23,20,5
round_queries,33,135,253,540,295
round_k,0,1,5,13,29
round_shots,47,50,19,17,7
round_queries,47,150,209,425,371
round_k,0,1,5,12,26
round_shots,181,80,23,13
round_queries,181,240,345,507
round_k,0,1,7,19
round_shots,127,84,21,16
round_queries,127,252,315,560
round_k,0,1,7,17
round_shots,45,102,17,14,2
round_queries,45,306,255,490,142
round_k,0,1,7,17,35
round_shots,160,50,14,19,6
round_queries,160,150,154,437,282
round_k,0,1,5,11,23
round_shots,120,35,29,20,7
round_queries,120,105,261,500,357
round_k,0,1,4,12,25
round_shots,42,42,23,15,8
round_queries,42,126,207,345,376
round_k,0,1,4,11,23
round_shots,177,62,27,16
round_queries,177,186,351,560
round_k,0,1,6,17
round_shots,110,78,23,21,2
round_queries,110,234,299,567,134
round_k,0,1,6,13,33
round_shots,159,50,19,17,7
round_queries,159,150,209,425,357
round_k,0,1,5,12,25
round_shots,63,95,23,9
round_queries,63,285,345,351
round_k,0,1,7,19
round_shots,94,70,17,16,5
round_queries,94,210,221,432,295
round_k,0,1,6,13,29
round_shots,91,62,17,23,3
round_queries,91,186,221,621,189
round_k,0,1,6,13,31
round_shots,127,74,27,16
round_queries,127,222,351,560
round_k,0,1,6,17
round_shots,88,102,17,16
round_queries,88,306,255,560
round_k,0,1,7,17
round_shots,130,66,27,15
round_queries,130,198,351,555
round_k,0,1,6,18
round_shots,50,28,27,16,8
round_queries,50,84,243,368,392
round_k,0,1,4,11,24
round_shots,169,60,17,21,5
round_queries,169,180,187,525,305
round_k,0,1,5,12,30
round_shots,98,47,23,12,4
round_queries,98,141,253,348,252
round_k,0,1,5,14,31
round_shots,33,42,29,14,7
round_queries,33,126,261,350,357
round_k,0,1,4,12,25
round_shots,59,35,23,16,8
round_queries,59,105,207,368,392
round_k,0,1,4,11,24
round_shots,161,35,29,18,4
round_queries,161,105,261,450,212
round_k,0,1,4,12,26
round_shots,147,28,19,18,8
round_queries,147,84,171,378,376
round_k,0,1,4,10,23
round_shots,94,65,17,14,9
round_queries,94,195,187,322,423
round_k,0,1,5,11,23
round_shots,33,45,17,16,4
round_queries,33,135,187,400,212
round_k,0,1,5,12,26
round_shots,69,35,35,21,5
round_queries,69,105,315,567,305
round_k,0,1,4,13,30
round_shots,84,62,16,21,4
round_queries,84,186,208,567,260
round_k,0,1,6,13,32
round_shots,129,80,23,14
round_queries,129,240,345,518
round_k,0,1,7,18
round_shots,41,45,20,21,4
round_queries,41,135,220,567,252
round_k,0,1,5,13,31
round_shots,123,60,16,18,8
round_queries,123,180,176,414,392
round_k,0,1,5,11,24
round_shots,71,105,23,14,2
round_queries,71,315,345,518,150
round_k,0,1,7,18,37
round_shots,30,42,20,17,8
round_queries,30,126,180,357,392
round_k,0,1,4,10,24
round_shots,180,20,17,8
round_queries,180,140,357,392
round_k,0,3,10,24
round_shots,103,28,15,14,6
round_queries,103,84,135,266,270
round_k,0,1,4,9,22
round_shots,87,55,14,17,9
round_queries,87,165,154,391,423
round_k,0,1,5,11,23
round_shots,82,82,20,19,3
round_queries,82,246,260,513,195
round_k,0,1,6,13,32
round_shots,176,98,24,13
round_queries,176,294,360,507
round_k,0,1,7,19
round_shots,39,55,14,14,6
round_queries,39,165,154,322,282
round_k,0,1,5,11,23
round_shots,123,55,18,15,9
round_queries,123,165,198,345,423
round_k,0,1,5,11,23
round_shots,144,78,26,18
round_queries,144,234,338,594
round_k,0,1,6,16
round_shots,149,91,25,15
round_queries,149,273,375,555
round_k,0,1,7,18
round_shots,82,65,22,20,9
round_queries,82,195,242,460,423
round_k,0,1,5,11,23
round_shots,57,66,27,14,2
round_queries,57,198,351,490,142
round_k,0,1,6,17,35
round_shots,98,66,27,14,3
round_queries,98,198,351,490,213
round_k,0,1,6,17,35
round_shots,42,28,30,14,7
round_queries,42,84,270,350,357
round_k,0,1,4,12,25
round_shots,50,102,26,15
round_queries,50,306,390,555
round_k,0,1,7,18
round_shots,33,55,14,17,9
round_queries,33,165,154,391,423
round_k,0,1,5,11,23
round_shots,150,55,17,17,5
round_queries,150,165,187,425,255
round_k,0,1,5,12,25
round_shots,36,70,19,20,4
round_queries,36,210,247,540,252
round_k,0,1,6,13,31
round_shots,30,55,22,14,7
round_queries,30,165,242,350,357
round_k,0,1,5,12,25
round_shots,143,62,29,15
round_queries,143,186,377,555
round_k,0,1,6,18
round_shots,53,70,27,14
round_queries,53,210,351,518
round_k,0,1,6,18
round_shots,174,60,20,18,5
round_queries,174,180,220,486,305
round_k,0,1,5,13,30
round_shots,69,45,20,19,3
round_queries,69,135,220,513,189
round_k,0,1,5,13,31
round_shots,41,50,18,17,7
round_queries,41,150,198,391,357
round_k,0,1,5,11,25
round_shots,120,66,28,18
round_queries,120,198,364,594
round_k,0,1,6,16
round_shots,36,66,26,17,2
round_queries,36,198,338,561,142
round_k,0,1,6,16,35
round_shots,72,82,17,21,5
round_queries,72,246,221,567,305
round_k,0,1,6,13,30
round_shots,72,78,20,18,2
round_queries,72,234,260,558,134
round_k,0,1,6,15,33
round_shots,63,60,17,17,8
round_queries,63,180,187,391,376
round_k,0,1,5,11,23
round_shots,129,67,25,19,3
round_queries,129,201,325,513,189
round_k,0,1,6,13,31
round_shots,201,65,14,17,5
round_queries,201,195,154,391,255
round_k,0,1,5,11,25
round_shots,236,87,23,13
round_queries,236,261,345,507
round_k,0,1,7,19
round_shots,39,45,17,20,3
round_queries,39,135,187,500,177
round_k,0,1,5,12,29
round_shots,215,62,30,14
round_queries,215,186,390,518
round_k,0,1,6,18
round_shots,36,62,27,14,2
round_queries,36,186,351,490,146
round_k,0,1,6,17,36
round_shots,91,80,23,14
round_queries,91,240,345,518
round_k,0,1,7,18
round_shots,214,50,20,21,5
round_queries,214,150,220,567,305
round_k,0,1,5,13,30
round_shots,94,62,22,18,3
round_queries,94,186,286,486,183
round_k,0,1,6,13,30
round_shots,30,80,23,15
round_queries,30,240,345,555
round_k,0,1,7,18
round_shots,30,65,17,20,7
round_queries,30,195,187,500,357
round_k,0,1,5,12,25
round_shots,181,91,24,13
round_queries,181,273,360,507
round_k,0,1,7,19
round_shots,66,66,17,21,4
round_queries,66,198,221,567,260
round_k,0,1,6,13,32
round_shots,88,95,25,14
round_queries,88,285,375,518
round_k,0,1,7,18
round_shots,66,62,23,19,4
round_queries,66,186,299,513,252
round_k,0,1,6,13,31
round_shots,36,60,18,14,6
round_queries,36,180,198,322,282
round_k,0,1,5,11,23
round_shots,105,39,18,20,5
round_queries,105,195,234,540,295
round_k,0,2,6,13,29
round_shots,39,62,30,14,2
round_queries,39,186,390,518,150
round_k,0,1,6,18,37
round_shots,53,35,29,19,7
round_queries,53,105,261,475,357
round_k,0,1,4,12,25
round_shots,32,60,18,18,5
round_queries,32,180,198,414,255
round_k,0,1,5,11,25
round_shots,39,50,17,23,5
round_queries,39,150,187,575,305
round_k,0,1,5,12,30
round_shots,110,35,23,20,9
round_queries,110,105,207,460,423
round_k,0,1,4,11,23
round_shots,72,62,29,16
round_queries,72,186,377,560
round_k,0,1,6,17
round_shots,41,62,27,14,2
round_queries,41,186,351,518,150
round_k,0,1,6,18,37
round_shots,32,55,17,18,8
round_queries,32,165,187,414,392
round_k,0,1,5,11,24
round_shots,117,106,18,13
round_queries,117,318,306,507
round_k,0,1,8,19
round_shots,33,45,20,21,4
round_queries,33,135,220,567,268
round_k,0,1,5,13,33
round_shots,38,66,27,16
round_queries,38,198,351,560
round_k,0,1,6,17
round_shots,53,42,32,18,4
round_queries,53,126,288,450,220
round_k,0,1,4,12,27
round_shots,39,103,23,13
round_queries,39,309,391,507
round_k,0,1,8,19
round_shots,153,20,12,8
round_queries,153,140,252,392
round_k,0,3,10,24
round_shots,33,60,18,19,7
round_queries,33,180,198,437,357
round_k,0,1,5,11,25
round_shots,81,80,25,14,2
round_queries,81,240,375,490,142
round_k,0,1,7,17,35
round_shots,35,28,20,17,8
round_queries,35,84,140,357,392
round_k,0,1,3,10,24
round_shots,39,45,20,16,3
round_queries,39,135,220,432,177
round_k,0,1,5,13,29
round_shots,35,50,18,15,6
round_queries,35,150,198,345,282
round_k,0,1,5,11,23
round_shots,30,45,22,16,8
round_queries,30,135,242,368,392
round_k,0,1,5,11,24
round_shots,267,28,19,4
round_queries,267,252,513,252
round_k,0,4,13,31
round_shots,36,62,27,15
round_queries,36,186,351,555
round_k,0,1,6,18
round_shots,94,42,23,15,9
round_queries,94,126,207,345,423
round_k,0,1,4,11,23
round_shots,56,66,27,15
round_queries,56,198,351,555
round_k,0,1,6,18
round_shots,69,60,17,19,7
round_queries,69,180,187,475,357
round_k,0,1,5,12,25
round_shots,82,42,35,19,7
round_queries,82,126,315,475,357
round_k,0,1,4,12,25
round_shots,48,48,19,14,9
round_queries,48,144,209,322,423
round_k,0,1,5,11,23
round_shots,85,62,16,19,3
round_queries,85,186,208,513,189
round_k,0,1,6,13,31
round_shots,154,87,26,11
round_queries,154,261,390,451
round_k,0,1,7,20
round_shots,107,46,14,19,7
round_queries,107,138,154,437,357
round_k,0,1,5,11,25
round_shots,114,45,19,19,7
round_queries,114,135,209,437,343
round_k,0,1,5,11,24
round_shots,39,80,32,7
round_queries,39,240,480,301
round_k,0,1,7,21
round_shots,30,80,23,13
round_queries,30,240,345,507
round_k,0,1,7,19
round_shots,47,50,16,14,9
round_queries,47,150,176,322,423
round_k,0,1,5,11,23
round_shots,228,84,23,14
round_queries,228,252,345,518
round_k,0,1,7,18
round_shots,39,60,17,21,5
round_queries,39,180,187,525,305
round_k,0,1,5,12,30
round_shots,57,84,23,13
round_queries,57,252,345,507
round_k,0,1,7,19
round_shots,63,103,13,13
round_queries,63,309,221,507
round_k,0,1,8,19
round_shots,32,80,24,13
round_queries,32,240,360,507
round_k,0,1,7,19
round_shots,35,62,20,19,4
round_queries,35,186,260,513,252
round_k,0,1,6,13,31
round_shots,47,66,31,16
round_queries,47,198,403,560
round_k,0,1,6,17
round_shots,159,80,23,14,2
round_queries,159,240,345,518,150
round_k,0,1,7,18,37
round_shots,57,60,21,17,7
round_queries,57,180,231,425,357
round_k,0,1,5,12,25
round_shots,80,65,21,21,5
round_queries,80,195,231,525,305
round_k,0,1,5,12,30
round_shots,30,50,20,16,3
round_queries,30,150,220,432,177
round_k,0,1,5,13,29
round_shots,161,45,18,15,8
round_queries,161,135,198,345,376
round_k,0,1,5,11,23
round_shots,69,74,26,15,3
round_queries,69,222,338,525,213
round_k,0,1,6,17,35
round_shots,82,78,30,14
round_queries,82,234,390,518
round_k,0,1,6,18
round_shots,30,62,14,17,6
round_queries,30,186,182,459,330
round_k,0,1,6,13,27
round_shots,161,28,20,18,9
round_queries,161,84,140,378,423
round_k,0,1,3,10,23
round_shots,54,66,20,23,3
round_queries,54,198,260,621,195
round_k,0,1,6,13,32
round_shots,137,103,18,13
round_queries,137,309,306,507
round_k,0,1,8,19
round_shots,164,45,17,14,7
round_queries,164,135,187,350,357
round_k,0,1,5,12,25
round_shots,215,50,19,16,4
round_queries,215,150,209,400,212
round_k,0,1,5,12,26
round_shots,133,42,23,17,7
round_queries,133,126,207,391,357
round_k,0,1,4,11,25
round_shots,156,20,17,8
round_queries,156,140,357,392
round_k,0,3,10,24
round_shots,153,20,21,9
round_queries,153,140,441,423
round_k,0,3,10,23
round_shots,33,65,16,19,7
round_queries,33,195,176,437,357
round_k,0,1,5,11,25
round_shots,157,66,27,14
round_queries,157,198,351,518
round_k,0,1,6,18
round_shots,39,66,17,15,4
round_queries,39,198,221,405,220
round_k,0,1,6,13,27
round_shots,163,74,27,15
round_queries,163,222,351,555
round_k,0,1,6,18
round_shots,36,70,27,14
round_queries,36,210,351,518
round_k,0,1,6,18
round_shots,81,85,12,16
round_queries,81,255,180,560
round_k,0,1,7,17
round_shots,114,48,29,21,5
round_queries,114,144,261,525,305
round_k,0,1,4,12,30
round_shots,30,42,27,15,9
round_queries,30,126,243,345,423
round_k,0,1,4,11,23
round_shots,150,46,17,21,5
round_queries,150,138,187,525,305
round_k,0,1,5,12,30
round_shots,33,28,23,16,8
round_queries,33,84,207,368,392
round_k,0,1,4,11,24
round_shots,113,35,29,20,7
round_queries,113,105,261,500,357
round_k,0,1,4,12,25
round_shots,74,28,29,14,7
round_queries,74,84,261,350,357
round_k,0,1,4,12,25
round_shots,87,55,20,20,3
round_queries,87,165,220,540,177
round_k,0,1,5,13,29
round_shots,80,66,27,15
round_queries,80,198,351,555
round_k,0,1,6,18
round_shots,82,50,17,22,5
round_queries,82,150,187,550,295
round_k,0,1,5,12,29
round_shots,38,91,23,13
round_queries,38,273,345,507
round_k,0,1,7,19
round_shots,66,62,14,18,3
round_queries,66,186,182,486,183
round_k,0,1,6,13,30
round_shots,63,47,19,20,3
round_queries,63,141,209,500,177
round_k,0,1,5,12,29
round_shots,239,28,35,21,4
round_queries,239,84,315,567,260
round_k,0,1,4,13,32
round_shots,32,62,27,15
round_queries,32,186,351,555
round_k,0,1,6,18
round_shots,104,60,19,14,7
round_queries,104,180,209,350,357
round_k,0,1,5,12,25
round_shots,51,66,18,17,3
round_queries,51,198,234,493,189
round_k,0,1,6,14,31
round_shots,41,62,26,20,5
round_queries,41,186,338,540,295
round_k,0,1,6,13,29
round_shots,72,60,20,16,5
round_queries,72,180,220,432,295
round_k,0,1,5,13,29
round_shots,65,28,20,21,8
round_queries,65,84,180,441,392
round_k,0,1,4,10,24
round_shots,51,50,20,18,6
round_queries,51,150,220,486,330
round_k,0,1,5,13,27
round_shots,137,62,25,14,2
round_queries,137,186,325,490,142
round_k,0,1,6,17,35
round_shots,60,104,18,13
round_queries,60,312,306,507
round_k,0,1,8,19
round_shots,197,35,20,11,5
round_queries,197,105,180,297,295
round_k,0,1,4,13,29
round_shots,75,42,28,18,8
round_queries,75,126,252,414,392
round_k,0,1,4,11,24
round_shots,51,87,12,14,2
round_queries,51,261,180,490,146
round_k,0,1,7,17,36
round_shots,30,95,26,11
round_queries,30,285,390,451
round_k,0,1,7,20
round_shots,94,65,27,12,3
round_queries,94,195,297,348,189
round_k,0,1,5,14,31
round_shots,159,20,18,9
round_queries,159,140,378,423
round_k,0,3,10,23
round_shots,84,62,29,14,2
round_queries,84,186,377,518,150
round_k,0,1,6,18,37
round_shots,30,65,17,20,7
round_queries,30,195,187,500,357
round_k,0,1,5,12,25
round_shots,110,50,17,17,7
round_queries,110,150,187,425,357
round_k,0,1,5,12,25
round_shots,256,20,11,5
round_queries,256,180,297,295
round_k,0,4,13,29
round_shots,137,45,19,22,5
round_queries,137,135,209,550,295
round_k,0,1,5,12,29
round_shots,117,66,19,20,5
round_queries,117,198,247,540,305
round_k,0,1,6,13,30
round_shots,66,66,17,16,5
round_queries,66,198,221,432,295
round_k,0,1,6,13,29
round_shots,39,95,26,13
round_queries,39,285,390,507
round_k,0,1,7,19
round_shots,38,28,35,21,5
round_queries,38,84,315,567,305
round_k,0,1,4,13,30
round_shots,187,66,19,20,5
round_queries,187,198,247,540,295
round_k,0,1,6,13,29
round_shots,109,45,17,20,5
round_queries,109,135,187,500,295
round_k,0,1,5,12,29
round_shots,36,50,17,20,7
round_queries,36,150,187,500,357
round_k,0,1,5,12,25
round_shots,39,74,29,16
round_queries,39,222,377,560
round_k,0,1,6,17
round_shots,30,95,25,16
round_queries,30,285,375,560
round_k,0,1,7,17
round_shots,107,86,30,15
round_queries,107,258,390,555
round_k,0,1,6,18
round_shots,149,28,35,16,7
round_queries,149,84,315,400,371
round_k,0,1,4,12,26
round_shots,94,91,21,15,2
round_queries,94,273,315,525,142
round_k,0,1,7,17,35
round_shots,60,45,16,16,8
round_queries,60,135,176,368,392
round_k,0,1,5,11,24
round_shots,218,28,21,8
round_queries,218,196,441,392
round_k,0,3,10,24
round_shots,276,20,12,8
round_queries,276,140,252,392
round_k,0,3,10,24
round_shots,57,113,13,13
round_queries,57,339,221,507
round_k,0,1,8,19
round_shots,78,62,24,16,3
round_queries,78,186,312,528,219
round_k,0,1,6,16,36
round_shots,132,87,26,15
round_queries,132,261,390,555
round_k,0,1,7,18
round_shots,33,35,19,12,8
round_queries,33,105,171,252,392
round_k,0,1,4,10,24
round_shots,30,45,22,16,7
round_queries,30,135,242,368,343
round_k,0,1,5,11,24
round_shots,45,45,14,17,7
round_queries,45,135,154,391,357
round_k,0,1,5,11,25
round_shots,166,82,20,25,2
round_queries,166,246,260,675,134
round_k,0,1,6,13,33
round_shots,32,62,17,18,3
round_queries,32,186,221,486,183
round_k,0,1,6,13,30
round_shots,30,35,24,16,8
round_queries,30,105,216,368,392
round_k,0,1,4,11,24
round_shots,30,42,24,12,8
round_queries,30,126,216,252,392
round_k,0,1,4,10,24
round_shots,62,45,25,17,4
round_queries,62,135,275,493,252
round_k,0,1,5,14,31
round_shots,30,105,24,13
round_queries,30,315,360,507
round_k,0,1,7,19
round_shots,30,50,17,14,5
round_queries,30,150,187,350,255
round_k,0,1,5,12,25
round_shots,44,65,14,17,7
round_queries,44,195,154,391,357
round_k,0,1,5,11,25
round_shots,97,74,14,19,4
round_queries,97,222,182,513,252
round_k,0,1,6,13,31
round_shots,54,103,23,13
round_queries,54,309,391,507
round_k,0,1,8,19
round_shots,54,46,17,14,9
round_queries,54,138,187,322,423
round_k,0,1,5,11,23
round_shots,47,98,17,16
round_queries,47,294,255,560
round_k,0,1,7,17
round_shots,198,45,20,22,4
round_queries,198,135,220,594,260
round_k,0,1,5,13,32
round_shots,47,98,26,14
round_queries,47,294,390,518
round_k,0,1,7,18
round_shots,129,78,14,21,5
round_queries,129,234,182,567,305
round_k,0,1,6,13,30
round_shots,62,28,28,17,7
round_queries,62,84,252,391,357
round_k,0,1,4,11,25
round_shots,54,45,20,21,4
round_queries,54,135,220,567,252
round_k,0,1,5,13,31
round_shots,156,70,27,15
round_queries,156,210,351,555
round_k,0,1,6,18
round_shots,154,45,17,18,7
round_queries,154,135,187,450,371
round_k,0,1,5,12,26
round_shots,164,35,28,20,3
round_queries,164,105,252,540,189
round_k,0,1,4,13,31
round_shots,48,28,20,21,8
round_queries,48,84,180,441,376
round_k,0,1,4,10,23
round_shots,114,80,23,15
round_queries,114,240,345,555
round_k,0,1,7,18
round_shots,146,55,17,21,3
round_queries,146,165,187,525,183
round_k,0,1,5,12,30
round_shots,30,45,18,15,9
round_queries,30,135,198,345,423
round_k,0,1,5,11,23
round_shots,72,48,27,17,7
round_queries,72,144,243,391,357
round_k,0,1,4,11,25
round_shots,75,35,26,16,8
round_queries,75,105,234,368,392
round_k,0,1,4,11,24
round_shots,140,66,18,18,3
round_queries,140,198,234,486,183
round_k,0,1,6,13,30
round_shots,93,60,14,16,8
round_queries,93,180,154,368,392
round_k,0,1,5,11,24
round_shots,246,62,29,16
round_queries,246,186,377,560
round_k,0,1,6,17
round_shots,42,86,16,15,4
round_queries,42,258,208,405,220
round_k,0,1,6,13,27
round_shots,33,47,19,19,8
round_queries,33,141,209,437,392
round_k,0,1,5,11,24
round_shots,98,45,17,16,7
round_queries,98,135,187,400,357
round_k,0,1,5,12,25
round_shots,33,42,35,21,5
round_queries,33,126,315,525,305
round_k,0,1,4,12,30
round_shots,236,87,27,8
round_queries,236,261,405,328
round_k,0,1,7,20
round_shots,181,62,14,22,4
round_queries,181,186,182,594,260
round_k,0,1,6,13,32
round_shots,88,80,23,13
round_queries,88,240,345,507
round_k,0,1,7,19
round_shots,114,80,23,15
round_queries,114,240,345,555
round_k,0,1,7,18
round_shots,82,98,26,13
round_queries,82,294,390,507
round_k,0,1,7,19
round_shots,36,50,14,16,8
round_queries,36,150,154,368,392
round_k,0,1,5,11,24
round_shots,117,80,23,13
round_queries,117,240,345,507
round_k,0,1,7,19
round_shots,195,74,17,21,4
round_queries,195,222,221,567,260
round_k,0,1,6,13,32
round_shots,147,50,19,21,5
round_queries,147,150,209,525,305
round_k,0,1,5,12,30
round_shots,184,42,26,16,6
round_queries,184,126,234,368,282
round_k,0,1,4,11,23
round_shots,174,80,20,13,2
round_queries,174,240,300,403,134
round_k,0,1,7,15,33
round_shots,82,50,17,15,8
round_queries,82,150,187,345,376
round_k,0,1,5,11,23
round_shots,30,66,16,18,3
round_queries,30,198,208,486,183
round_k,0,1,6,13,30
round_shots,176,28,35,21,7
round_queries,176,84,245,441,343
round_k,0,1,3,10,24
round_shots,33,35,35,19,3
round_queries,33,105,315,513,189
round_k,0,1,4,13,31
round_shots,201,62,14,20,4
round_queries,201,186,182,540,220
round_k,0,1,6,13,27
round_shots,142,110,13,13
round_queries,142,330,221,507
round_k,0,1,8,19
round_shots,45,60,17,14,7
round_queries,45,180,187,350,357
round_k,0,1,5,12,25
round_shots,60,50,17,23,7
round_queries,60,150,187,575,357
round_k,0,1,5,12,25
round_shots,94,62,14,11,3
round_queries,94,186,182,297,177
round_k,0,1,6,13,29
round_shots,41,60,20,21,4
round_queries,41,180,220,567,260
round_k,0,1,5,13,32
round_shots,32,70,14,19,4
round_queries,32,210,182,513,260
round_k,0,1,6,13,32
round_shots,36,62,14,18,5
round_queries,36,186,182,486,305
round_k,0,1,6,13,30
round_shots,90,66,26,16
round_queries,90,198,338,560
round_k,0,1,6,17
round_shots,56,66,18,22,2
round_queries,56,198,234,638,134
round_k,0,1,6,14,33
round_shots,154,45,19,24,5
round_queries,154,135,209,600,295
round_k,0,1,5,12,29
round_shots,66,66,25,14,3
round_queries,66,198,325,490,213
round_k,0,1,6,17,35
round_shots,124,45,18,15,6
round_queries,124,135,198,345,282
round_k,0,1,5,11,23
round_shots,57,84,26,12
round_queries,57,252,390,492
round_k,0,1,7,20
round_shots,154,105,25,16
round_queries,154,315,375,560
round_k,0,1,7,17
round_shots,94,45,19,24,3
round_queries,94,135,209,600,177
round_k,0,1,5,12,29
round_shots,142,50,14,16,8
round_queries,142,150,154,368,392
round_k,0,1,5,11,24
round_shots,107,106,13,13
round_queries,107,318,221,507
round_k,0,1,8,19
round_shots,48,74,28,17,3
round_queries,48,222,364,561,213
round_k,0,1,6,16,35
round_shots,171,62,28,19,5
round_queries,171,186,364,513,305
round_k,0,1,6,13,30
round_shots,48,80,23,13
round_queries,48,240,345,507
round_k,0,1,7,19
round_shots,111,45,17,22,4
round_queries,111,135,187,550,228
round_k,0,1,5,12,28
round_shots,41,63,25,16
round_queries,41,189,325,560
round_k,0,1,6,17
round_shots,35,70,25,16
round_queries,35,210,325,560
round_k,0,1,6,17
round_shots,32,28,20,19,9
round_queries,32,84,180,399,423
round_k,0,1,4,10,23
round_shots,114,35,23,19,7
round_queries,114,105,207,437,357
round_k,0,1,4,11,25
round_shots,56,45,17,23,5
round_queries,56,135,187,575,305
round_k,0,1,5,12,30
round_shots,35,74,25,16
round_queries,35,222,325,560
round_k,0,1,6,17
round_shots,57,66,24,11,2
round_queries,57,198,312,363,146
round_k,0,1,6,16,36
round_shots,82,65,21,21,4
round_queries,82,195,231,567,260
round_k,0,1,5,13,32
round_shots,33,78,26,21,4
round_queries,33,234,338,567,260
round_k,0,1,6,13,32
round_shots,159,62,20,12,3
round_queries,159,186,260,348,189
round_k,0,1,6,14,31
round_shots,38,46,14,18,8
round_queries,38,138,154,414,392
round_k,0,1,5,11,24
round_shots,219,85,25,14,3
round_queries,219,255,375,490,213
round_k,0,1,7,17,35
round_shots,104,45,20,17,4
round_queries,104,135,220,459,220
round_k,0,1,5,13,27
round_shots,120,85,17,11
round_queries,120,255,255,385
round_k,0,1,7,17
round_shots,54,50,19,14,7
round_queries,54,150,209,350,357
round_k,0,1,5,12,25
round_shots,97,62,27,15
round_queries,97,186,351,555
round_k,0,1,6,18
round_shots,207,84,17,16
round_queries,207,252,255,560
round_k,0,1,7,17
round_shots,50,62,26,22,2
round_queries,50,186,338,594,134
round_k,0,1,6,13,33
round_shots,96,66,25,18
round_queries,96,198,325,594
round_k,0,1,6,16
round_shots,30,82,25,21,4
round_queries,30,246,325,567,252
round_k,0,1,6,13,31
round_shots,30,65,22,22,5
round_queries,30,195,242,550,255
round_k,0,1,5,12,25
round_shots,51,65,17,21,3
round_queries,51,195,187,525,183
round_k,0,1,5,12,30
round_shots,57,91,24,13
round_queries,57,273,360,507
round_k,0,1,7,19
round_shots,51,78,25,16
round_queries,51,234,325,560
round_k,0,1,6,17
round_shots,142,60,19,14,7
round_queries,142,180,209,350,357
round_k,0,1,5,12,25
round_shots,42,66,27,14,2
round_queries,42,198,351,518,150
round_k,0,1,6,18,37
round_shots,30,60,16,17,7
round_queries,30,180,176,391,357
round_k,0,1,5,11,25
round_shots,101,35,30,14,7
round_queries,101,105,270,350,357
round_k,0,1,4,12,25
round_shots,42,35,29,16,7
round_queries,42,105,261,400,371
round_k,0,1,4,12,26
round_shots,36,28,29,14,7
round_queries,36,84,261,350,357
round_k,0,1,4,12,25
round_shots,117,50,16,19,7
round_queries,117,150,176,437,357
round_k,0,1,5,11,25
round_shots,63,78,29,16
round_queries,63,234,377,560
round_k,0,1,6,17
round_shots,153,65,21,17,5
round_queries,153,195,231,425,255
round_k,0,1,5,12,25
round_shots,93,47,17,21,5
round_queries,93,141,187,525,305
round_k,0,1,5,12,30
round_shots,180,66,18,14,4
round_queries,180,198,234,378,220
round_k,0,1,6,13,27
round_shots,39,35,35,22,3
round_queries,39,105,315,550,177
round_k,0,1,4,12,29
round_shots,69,47,19,16,4
round_queries,69,141,209,400,212
round_k,0,1,5,12,26
round_shots,124,91,24,13
round_queries,124,273,360,507
round_k,0,1,7,19
round_shots,88,28,23,17,8
round_queries,88,84,207,391,376
round_k,0,1,4,11,23
round_shots,68,80,25,16
round_queries,68,240,375,560
round_k,0,1,7,17
round_shots,48,62,18,11,3
round_queries,48,186,234,297,177
round_k,0,1,6,13,29
round_shots,82,45,17,16,4
round_queries,82,135,187,400,212
round_k,0,1,5,12,26
round_shots,30,35,28,14,9
round_queries,30,105,252,322,423
round_k,0,1,4,11,23
round_shots,30,64,19,16,3
round_queries,30,192,247,464,195
round_k,0,1,6,14,32
round_shots,81,28,20,21,5
round_queries,81,84,180,567,305
round_k,0,1,4,13,30
round_shots,36,62,27,14
round_queries,36,186,351,518
round_k,0,1,6,18
round_shots,30,45,18,21,4
round_queries,30,135,198,483,220
round_k,0,1,5,11,27
round_shots,50,65,16,16,8
round_queries,50,195,176,368,392
round_k,0,1,5,11,24
round_shots,63,80,26,15
round_queries,63,240,390,555
round_k,0,1,7,18
round_shots,93,28,35,18,5
round_queries,93,84,315,486,305
round_k,0,1,4,13,30
round_shots,114,105,12,14,2
round_queries,114,315,180,490,146
round_k,0,1,7,17,36
round_shots,53,60,17,19,8
round_queries,53,180,187,437,392
round_k,0,1,5,11,24
round_shots,69,45,17,16,8
round_queries,69,135,187,368,392
round_k,0,1,5,11,24
round_shots,36,45,21,17,8
round_queries,36,135,231,391,392
round_k,0,1,5,11,24
round_shots,111,28,29,23,5
round_queries,111,84,261,575,305
round_k,0,1,4,12,30
round_shots,51,45,14,17,9
round_queries,51,135,154,391,423
round_k,0,1,5,11,23
round_shots,174,62,14,11,5
round_queries,174,186,182,297,295
round_k,0,1,6,13,29
round_shots,94,65,17,17,7
round_queries,94,195,187,425,357
round_k,0,1,5,12,25
round_shots,36,78,27,16
round_queries,36,234,351,560
round_k,0,1,6,17
round_shots,35,48,27,19,4
round_queries,35,144,243,437,212
round_k,0,1,4,11,26
round_shots,229,62,18,19,3
round_queries,229,186,234,513,189
round_k,0,1,6,13,31
round_shots,54,28,29,21,5
round_queries,54,84,261,525,305
round_k,0,1,4,12,30
round_shots,111,50,14,16,8
round_queries,111,150,154,368,392
round_k,0,1,5,11,24
round_shots,68,87,26,8
round_queries,68,261,390,328
round_k,0,1,7,20
round_shots,78,45,19,18,6
round_queries,78,135,209,450,318
round_k,0,1,5,12,26
round_shots,75,28,23,19,8
round_queries,75,84,207,437,392
round_k,0,1,4,11,24
round_shots,68,45,17,21,5
round_queries,68,135,187,525,305
round_k,0,1,5,12,30
round_shots,30,80,23,13
round_queries,30,240,345,507
round_k,0,1,7,19
round_shots,44,66,26,16
round_queries,44,198,338,560
round_k,0,1,6,17
round_shots,156,103,13,9
round_queries,156,309,221,351
round_k,0,1,8,19
round_shots,45,45,20,18,5
round_queries,45,135,220,486,305
round_k,0,1,5,13,30
round_shots,123,70,14,21,4
round_queries,123,210,182,567,252
round_k,0,1,6,13,31
round_shots,136,47,17,21,5
round_queries,136,141,187,525,305
round_k,0,1,5,12,30
round_shots,98,62,14,20,5
round_queries,98,186,182,540,305
round_k,0,1,6,13,30
round_shots,30,82,25,20,4
round_queries,30,246,325,540,252
round_k,0,1,6,13,31
round_shots,136,28,29,18,6
round_queries,136,84,261,450,330
round_k,0,1,4,12,27
round_shots,159,20,12,5
round_queries,159,140,252,245
round_k,0,3,10,24
round_shots,57,62,26,18,5
round_queries,57,186,338,486,305
round_k,0,1,6,13,30
round_shots,117,50,20,16,6
round_queries,117,150,220,400,318
round_k,0,1,5,12,26
round_shots,30,45,14,19,7
round_queries,30,135,154,437,371
round_k,0,1,5,11,26
round_shots,133,84,23,13
round_queries,133,252,345,507
round_k,0,1,7,19
round_shots,120,74,18,12,4
round_queries,120,222,234,348,252
round_k,0,1,6,14,31
round_shots,180,20,12,8
round_queries,180,140,252,392
round_k,0,3,10,24
round_shots,193,82,29,14
round_queries,193,246,377,518
round_k,0,1,6,18
round_shots,98,28,26,19,9
round_queries,98,84,234,437,423
round_k,0,1,4,11,23
round_shots,82,62,18,12,4
round_queries,82,186,234,348,252
round_k,0,1,6,14,31
round_shots,132,50,19,17,5
round_queries,132,150,209,391,255
round_k,0,1,5,11,25
round_shots,142,50,18,17,7
round_queries,142,150,198,391,357
round_k,0,1,5,11,25
round_shots,250,27,19,4
round_queries,250,243,437,212
round_k,0,4,11,26
round_shots,84,45,19,17,7
round_queries,84,135,209,391,357
round_k,0,1,5,11,25
round_shots,84,48,22,21,4
round_queries,84,144,242,525,228
round_k,0,1,5,12,28
round_shots,130,55,20,23,3
round_queries,130,165,220,621,195
round_k,0,1,5,13,32
round_shots,85,60,14,17,5
round_queries,85,180,154,391,255
round_k,0,1,5,11,25
round_shots,42,45,14,17,7
round_queries,42,135,154,391,357
round_k,0,1,5,11,25
round_shots,82,47,20,19,3
round_queries,82,141,220,513,189
round_k,0,1,5,13,31
round_shots,66,78,14,21,5
round_queries,66,234,182,567,305
round_k,0,1,6,13,30
round_shots,48,55,23,12,3
round_queries,48,165,253,348,189
round_k,0,1,5,14,31
round_shots,80,78,29,14
round_queries,80,234,377,518
round_k,0,1,6,18
round_shots,66,66,27,14,2
round_queries,66,198,351,490,142
round_k,0,1,6,17,35
round_shots,51,66,27,16
round_queries,51,198,351,560
round_k,0,1,6,17
round_shots,75,80,24,14,2
round_queries,75,240,360,518,150
round_k,0,1,7,18,37
round_shots,81,50,23,16,4
round_queries,81,150,253,464,260
round_k,0,1,5,14,32
round_shots,114,45,14,20,9
round_queries,114,135,154,460,423
round_k,0,1,5,11,23
round_shots,156,78,27,14,2
round_queries,156,234,351,518,150
round_k,0,1,6,18,37
round_shots,69,45,23,16,3
round_queries,69,135,253,464,195
round_k,0,1,5,14,32
round_shots,30,66,27,15
round_queries,30,198,351,555
round_k,0,1,6,18
round_shots,51,28,23,15,9
round_queries,51,84,207,345,423
round_k,0,1,4,11,23
round_shots,117,28,23,16,8
round_queries,117,84,207,368,392
round_k,0,1,4,11,24
round_shots,139,65,21,16,8
round_queries,139,195,231,368,392
round_k,0,1,5,11,24
round_shots,36,62,18,18,5
round_queries,36,186,234,486,305
round_k,0,1,6,13,30
round_shots,47,64,16,19,3
round_queries,47,192,208,513,195
round_k,0,1,6,13,32
round_shots,50,70,29,14,2
round_queries,50,210,377,490,142
round_k,0,1,6,17,35
round_shots,30,35,27,19,4
round_queries,30,105,243,437,212
round_k,0,1,4,11,26
round_shots,72,27,22,14,7
round_queries,72,81,154,266,301
round_k,0,1,3,9,21
round_shots,36,66,17,21,2
round_queries,36,198,221,567,134
round_k,0,1,6,13,33
round_shots,82,62,19,12,2
round_queries,82,186,247,372,138
round_k,0,1,6,15,34
round_shots,48,65,17,14,5
round_queries,48,195,187,350,255
round_k,0,1,5,12,25
round_shots,57,48,35,14,7
round_queries,57,144,315,350,357
round_k,0,1,4,12,25
round_shots,106,65,19,17,8
round_queries,106,195,209,391,392
round_k,0,1,5,11,24
round_shots,78,45,18,17,5
round_queries,78,135,198,391,255
round_k,0,1,5,11,25
round_shots,82,47,14,16,7
round_queries,82,141,154,368,343
round_k,0,1,5,11,24
round_shots,62,45,17,16,7
round_queries,62,135,187,400,357
round_k,0,1,5,12,25
round_shots,68,48,23,17,7
round_queries,68,144,207,391,357
round_k,0,1,4,11,25
round_shots,91,65,19,14,7
round_queries,91,195,209,350,357
round_k,0,1,5,12,25
round_shots,33,91,25,15
round_queries,33,273,375,555
round_k,0,1,7,18
round_shots,169,55,16,17,7
round_queries,169,165,176,391,357
round_k,0,1,5,11,25
round_shots,123,82,14,21,3
round_queries,123,246,182,567,189
round_k,0,1,6,13,31
round_shots,133,68,19,12,2
round_queries,133,204,247,372,138
round_k,0,1,6,15,34
round_shots,33,28,28,17,7
round_queries,33,84,196,357,343
round_k,0,1,3,10,24
round_shots,306,23,20,9
round_queries,306,207,460,423
round_k,0,4,11,23
round_shots,69,45,19,19,5
round_queries,69,135,209,437,255
round_k,0,1,5,11,25
round_shots,171,20,12,7
round_queries,171,140,252,343
round_k,0,3,10,24
round_shots,60,65,24,19,8
round_queries,60,195,264,437,392
round_k,0,1,5,11,24
round_shots,60,62,27,15
round_queries,60,186,351,555
round_k,0,1,6,18
round_shots,33,55,20,19,3
round_queries,33,165,220,513,195
round_k,0,1,5,13,32
round_shots,68,65,18,17,7
round_queries,68,195,198,391,357
round_k,0,1,5,11,25
round_shots,133,66,17,23,4
round_queries,133,198,221,621,252
round_k,0,1,6,13,31
round_shots,100,45,14,18,8
round_queries,100,135,154,414,392
round_k,0,1,5,11,24
round_shots,33,50,20,18,4
round_queries,33,150,220,450,220
round_k,0,1,5,12,27
round_shots,134,70,20,19,4
round_queries,134,210,260,513,260
round_k,0,1,6,13,32
round_shots,36,60,22,17,9
round_queries,36,180,242,391,423
round_k,0,1,5,11,23
round_shots,96,50,19,15,6
round_queries,96,150,209,345,282
round_k,0,1,5,11,23
round_shots,154,60,24,19,4
round_queries,154,180,264,513,252
round_k,0,1,5,13,31
round_shots,57,87,17,11
round_queries,57,261,255,385
round_k,0,1,7,17
round_shots,107,62,26,19,3
round_queries,107,186,338,513,195
round_k,0,1,6,13,32
round_shots,41,87,24,13
round_queries,41,261,360,507
round_k,0,1,7,19
round_shots,62,62,23,21,4
round_queries,62,186,299,567,260
round_k,0,1,6,13,32
round_shots,63,63,31,16
round_queries,63,189,403,560
round_k,0,1,6,17
round_shots,85,78,14,18,3
round_queries,85,234,182,486,183
round_k,0,1,6,13,30
round_shots,42,62,14,22,2
round_queries,42,186,182,594,134
round_k,0,1,6,13,33
round_shots,154,74,31,14,2
round_queries,154,222,403,518,150
round_k,0,1,6,18,37
round_shots,53,60,22,19,9
round_queries,53,180,242,437,423
round_k,0,1,5,11,23
round_shots,250,29,14,8
round_queries,250,261,322,376
round_k,0,4,11,23
round_shots,119,55,17,21,5
round_queries,119,165,187,525,305
round_k,0,1,5,12,30
round_shots,160,98,23,15
round_queries,160,294,345,555
round_k,0,1,7,18
round_shots,82,102,23,15
round_queries,82,306,345,555
round_k,0,1,7,18
round_shots,124,66,22,11,5
round_queries,124,198,286,297,295
round_k,0,1,6,13,29
round_shots,84,65,23,16,3
round_queries,84,195,253,464,195
round_k,0,1,5,14,32
round_shots,69,28,24,16,8
round_queries,69,84,216,368,392
round_k,0,1,4,11,24
round_shots,36,55,18,15,9
round_queries,36,165,198,345,423
round_k,0,1,5,11,23
round_shots,153,74,31,14,2
round_queries,153,222,403,518,150
round_k,0,1,6,18,37
round_shots,44,28,20,21,3
round_queries,44,84,180,567,189
round_k,0,1,4,13,31
round_shots,113,70,20,18,3
round_queries,113,210,260,486,183
round_k,0,1,6,13,30
round_shots,54,50,17,20,7
round_queries,54,150,187,500,357
round_k,0,1,5,12,25
round_shots,104,42,23,14,6
round_queries,104,126,207,322,282
round_k,0,1,4,11,23
round_shots,90,98,26,15
round_queries,90,294,390,555
round_k,0,1,7,18
round_shots,32,78,27,14
round_queries,32,234,351,518
round_k,0,1,6,18
round_shots,127,80,25,13
round_queries,127,240,375,507
round_k,0,1,7,19
round_shots,68,105,30,8
round_queries,68,315,450,328
round_k,0,1,7,20
round_shots,68,55,19,24,5
round_queries,68,165,209,600,295
round_k,0,1,5,12,29
round_shots,96,28,35,16,7
round_queries,96,84,315,400,371
round_k,0,1,4,12,26
round_shots,107,74,27,15
round_queries,107,222,351,555
round_k,0,1,6,18
round_shots,63,48,23,16,7
round_queries,63,144,207,368,343
round_k,0,1,4,11,24
round_shots,36,78,27,14
round_queries,36,234,351,518
round_k,0,1,6,18
round_shots,35,42,29,21,5
round_queries,35,126,261,525,295
round_k,0,1,4,12,29
round_shots,57,62,29,14
round_queries,57,186,377,518
round_k,0,1,6,18
round_shots,104,55,16,17,7
round_queries,104,165,176,391,357
round_k,0,1,5,11,25
round_shots,194,42,29,14,7
round_queries,194,126,261,350,357
round_k,0,1,4,12,25
round_shots,195,45,20,21,5
round_queries,195,135,220,567,305
round_k,0,1,5,13,30
round_shots,30,35,20,21,2
round_queries,30,105,180,567,134
round_k,0,1,4,13,33
round_shots,192,20,12,8
round_queries,192,140,252,392
round_k,0,3,10,24
round_shots,78,91,27,12
round_queries,78,273,405,492
round_k,0,1,7,20
round_shots,153,62,30,15
round_queries,153,186,390,555
round_k,0,1,6,18
round_shots,30,45,20,18,3
round_queries,30,135,220,486,183
round_k,0,1,5,13,30
round_shots,33,70,14,19,4
round_queries,33,210,182,513,252
round_k,0,1,6,13,31
round_shots,59,28,29,22,5
round_queries,59,84,261,550,305
round_k,0,1,4,12,30
round_shots,39,65,18,18,8
round_queries,39,195,198,414,392
round_k,0,1,5,11,24
round_shots,204,45,16,19,7
round_queries,204,135,176,437,357
round_k,0,1,5,11,25
round_shots,45,45,17,20,5
round_queries,45,135,187,500,295
round_k,0,1,5,12,29
round_shots,161,45,17,19,7
round_queries,161,135,187,475,357
round_k,0,1,5,12,25
round_shots,103,64,28,18,5
round_queries,103,192,364,486,305
round_k,0,1,6,13,30
round_shots,57,55,18,19,9
round_queries,57,165,198,437,423
round_k,0,1,5,11,23
round_shots,42,50,14,14,9
round_queries,42,150,154,322,423
round_k,0,1,5,11,23
round_shots,129,98,26,13
round_queries,129,294,390,507
round_k,0,1,7,19
round_shots,106,62,25,14,2
round_queries,106,186,325,490,146
round_k,0,1,6,17,36
round_shots,72,78,27,15
round_queries,72,234,351,555
round_k,0,1,6,18
round_shots,129,50,21,14,9
round_queries,129,150,231,322,423
round_k,0,1,5,11,23
round_shots,38,45,24,12,4
round_queries,38,135,264,348,252
round_k,0,1,5,14,31
round_shots,156,87,23,14,2
round_queries,156,261,345,518,150
round_k,0,1,7,18,37
round_shots,82,48,27,19,8
round_queries,82,144,243,437,392
round_k,0,1,4,11,24
round_shots,130,70,14,19,4
round_queries,130,210,182,513,260
round_k,0,1,6,13,32
round_shots,65,45,17,17,7
round_queries,65,135,187,425,357
round_k,0,1,5,12,25
round_shots,71,55,26,19,4
round_queries,71,165,286,513,252
round_k,0,1,5,13,31
round_shots,53,60,14,16,8
round_queries,53,180,154,368,392
round_k,0,1,5,11,24
round_shots,154,55,19,17,7
round_queries,154,165,209,391,357
round_k,0,1,5,11,25
round_shots,106,55,19,20,3
round_queries,106,165,209,500,177
round_k,0,1,5,12,29
round_shots,33,66,23,18
round_queries,33,198,299,594
round_k,0,1,6,16
round_shots,164,35,26,16,8
round_queries,164,105,234,368,392
round_k,0,1,4,11,24
round_shots,137,70,28,17,4
round_queries,137,210,364,459,220
round_k,0,1,6,13,27
round_shots,42,65,17,18,7
round_queries,42,195,187,450,371
round_k,0,1,5,12,26
round_shots,36,45,19,16,5
round_queries,36,135,209,368,245
round_k,0,1,5,11,24
round_shots,161,91,26,14
round_queries,161,273,390,518
round_k,0,1,7,18
round_shots,218,80,23,13
round_queries,218,240,345,507
round_k,0,1,7,19
round_shots,85,48,29,20,7
round_queries,85,144,261,500,357
round_k,0,1,4,12,25
round_shots,33,28,20,11,5
round_queries,33,84,180,297,295
round_k,0,1,4,13,29
round_shots,101,106,13,13
round_queries,101,318,221,507
round_k,0,1,8,19
round_shots,33,55,17,18,4
round_queries,33,165,187,450,220
round_k,0,1,5,12,27
round_shots,33,65,20,20,5
round_queries,33,195,220,540,305
round_k,0,1,5,13,30
round_shots,48,55,20,17,5
round_queries,48,165,220,425,255
round_k,0,1,5,12,25
round_shots,187,48,29,16,5
round_queries,187,144,261,400,255
round_k,0,1,4,12,25
round_shots,78,35,20,18,5
round_queries,78,105,180,486,305
round_k,0,1,4,13,30
round_shots,33,50,17,23,7
round_queries,33,150,187,575,357
round_k,0,1,5,12,25
round_shots,80,66,18,20,4
round_queries,80,198,234,540,252
round_k,0,1,6,13,31
round_shots,36,74,29,18,5
round_queries,36,222,377,486,305
round_k,0,1,6,13,30
round_shots,30,62,26,19,3
round_queries,30,186,338,513,195
round_k,0,1,6,13,32
round_shots,42,55,21,23,5
round_queries,42,165,231,575,305
round_k,0,1,5,12,30
round_shots,156,20,17,8
round_queries,156,140,357,392
round_k,0,3,10,24
round_shots,184,70,26,19,4
round_queries,184,210,338,513,252
round_k,0,1,6,13,31
round_shots,57,50,24,19,3
round_queries,57,150,264,551,195
round_k,0,1,5,14,32
round_shots,114,74,25,16
round_queries,114,222,325,560
round_k,0,1,6,17
round_shots,161,50,23,17,7
round_queries,161,150,253,425,357
round_k,0,1,5,12,25
round_shots,32,48,30,22,7
round_queries,32,144,270,550,357
round_k,0,1,4,12,25
round_shots,84,62,23,11,3
round_queries,84,186,299,363,219
round_k,0,1,6,16,36
round_shots,234,66,14,19,4
round_queries,234,198,182,513,252
round_k,0,1,6,13,31
round_shots,53,45,17,17,7
round_queries,53,135,187,391,357
round_k,0,1,5,11,25
round_shots,116,84,17,16
round_queries,116,252,255,560
round_k,0,1,7,17
round_shots,107,62,27,15
round_queries,107,186,351,555
round_k,0,1,6,18
round_shots,33,80,23,14
round_queries,33,240,345,518
round_k,0,1,7,18
round_shots,204,45,23,16,5
round_queries,204,135,253,432,295
round_k,0,1,5,13,29
round_shots,71,50,20,11,3
round_queries,71,150,220,297,177
round_k,0,1,5,13,29
round_shots,191,84,28,13
round_queries,191,252,420,507
round_k,0,1,7,19
round_shots,42,50,17,16,8
round_queries,42,150,187,368,392
round_k,0,1,5,11,24
round_shots,144,66,29,16
round_queries,144,198,377,560
round_k,0,1,6,17
round_shots,82,62,14,21,4
round_queries,82,186,182,567,268
round_k,0,1,6,13,33
round_shots,130,87,12,14,2
round_queries,130,261,180,490,146
round_k,0,1,7,17,36
round_shots,51,45,23,12,4
round_queries,51,135,253,348,252
round_k,0,1,5,14,31
round_shots,85,45,21,16,6
round_queries,85,135,231,400,318
round_k,0,1,5,12,26
round_shots,96,48,20,19,3
round_queries,96,144,180,513,189
round_k,0,1,4,13,31
round_shots,51,50,29,12,2
round_queries,51,150,319,372,138
round_k,0,1,5,15,34
round_shots,59,62,31,15
round_queries,59,186,403,555
round_k,0,1,6,18
round_shots,212,45,17,22,4
round_queries,212,135,187,506,220
round_k,0,1,5,11,27
round_shots,252,78,27,15,3
round_queries,252,234,351,525,213
round_k,0,1,6,17,35
round_shots,107,46,19,15,4
round_queries,107,138,209,345,220
round_k,0,1,5,11,27
round_shots,39,103,13,13
round_queries,39,309,221,507
round_k,0,1,8,19
round_shots,127,74,27,15
round_queries,127,222,351,555
round_k,0,1,6,18
round_shots,130,70,31,15
round_queries,130,210,403,555
round_k,0,1,6,18
round_shots,33,62,25,14,2
round_queries,33,186,325,490,142
round_k,0,1,6,17,35
round_shots,56,62,31,14,3
round_queries,56,186,403,490,219
round_k,0,1,6,17,36
round_shots,164,62,14,19,4
round_queries,164,186,182,513,252
round_k,0,1,6,13,31
round_shots,36,86,23,20,4
round_queries,36,258,299,540,252
round_k,0,1,6,13,31
round_shots,57,66,23,19,4
round_queries,57,198,299,513,252
round_k,0,1,6,13,31
round_shots,30,42,35,19,5
round_queries,30,126,315,513,305
round_k,0,1,4,13,30
round_shots,106,62,25,14,2
round_queries,106,186,325,490,142
round_k,0,1,6,17,35
round_shots,75,66,27,14,2
round_queries,75,198,351,518,150
round_k,0,1,6,18,37
round_shots,53,50,17,14,7
round_queries,53,150,187,350,357
round_k,0,1,5,12,25
round_shots,117,45,14,14,9
round_queries,117,135,154,322,423
round_k,0,1,5,11,23
round_shots,66,60,18,19,5
round_queries,66,180,198,437,255
round_k,0,1,5,11,25
round_shots,157,20,17,8
round_queries,157,140,357,392
round_k,0,3,10,24
round_shots,33,45,17,14,7
round_queries,33,135,187,350,357
round_k,0,1,5,12,25
round_shots,57,103,18,13
round_queries,57,309,306,507
round_k,0,1,8,19
round_shots,91,62,27,14
round_queries,91,186,351,518
round_k,0,1,6,18
round_shots,101,66,18,21,3
round_queries,101,198,234,567,183
round_k,0,1,6,13,30
round_shots,114,62,14,21,4
round_queries,114,186,182,567,252
round_k,0,1,6,13,31
round_shots,173,62,17,21,3
round_queries,173,186,221,567,189
round_k,0,1,6,13,31
round_shots,113,64,22,14,4
round_queries,113,192,286,378,220
round_k,0,1,6,13,27
round_shots,66,86,20,13,2
round_queries,66,258,260,403,134
round_k,0,1,6,15,33
round_shots,45,62,25,19,3
round_queries,45,186,325,513,189
round_k,0,1,6,13,31
round_shots,84,80,21,16
round_queries,84,240,315,560
round_k,0,1,7,17
round_shots,30,62,27,14,3
round_queries,30,186,351,490,219
round_k,0,1,6,17,36
round_shots,50,62,17,19,4
round_queries,50,186,221,513,252
round_k,0,1,6,13,31
round_shots,81,50,18,19,7
round_queries,81,150,198,437,357
round_k,0,1,5,11,25
round_shots,33,62,20,17,6
round_queries,33,186,260,459,330
round_k,0,1,6,13,27
round_shots,129,62,23,16,5
round_queries,129,186,299,432,295
round_k,0,1,6,13,29
round_shots,30,80,21,16
round_queries,30,240,315,560
round_k,0,1,7,17
round_shots,54,78,25,11
round_queries,54,234,325,385
round_k,0,1,6,17
round_shots,130,95,29,7
round_queries,130,285,435,301
round_k,0,1,7,21
round_shots,44,45,14,21,7
round_queries,44,135,154,483,371
round_k,0,1,5,11,26
round_shots,30,86,26,14,2
round_queries,30,258,390,518,150
round_k,0,1,7,18,37
round_shots,62,80,17,16
round_queries,62,240,255,560
round_k,0,1,7,17
round_shots,161,28,21,17,8
round_queries,161,84,189,357,392
round_k,0,1,4,10,24
round_shots,120,82,19,12,2
round_queries,120,246,247,372,138
round_k,0,1,6,15,34
round_shots,41,48,21,12,8
round_queries,41,144,189,252,392
round_k,0,1,4,10,24
round_shots,75,28,29,22,3
round_queries,75,84,261,550,177
round_k,0,1,4,12,29
round_shots,45,65,23,16,3
round_queries,45,195,253,464,195
round_k,0,1,5,14,32
